feature/393-RISCY-a-1-c5-u0.7-m3-p2-f1.npy,label/393-RISCY-a-1-c5-u0.7-m3-p2-f1.npy
feature/503-RISCY-a-1-c20-u0.7-m2-p3-f0.npy,label/503-RISCY-a-1-c20-u0.7-m2-p3-f0.npy
feature/143-RISCY-a-1-c2-u0.7-m2-p8-f1.npy,label/143-RISCY-a-1-c2-u0.7-m2-p8-f1.npy
feature/954-RISCY-a-2-c2-u0.9-m3-p4-f1.npy,label/954-RISCY-a-2-c2-u0.9-m3-p4-f1.npy
feature/244-RISCY-a-1-c2-u0.9-m3-p5-f1.npy,label/244-RISCY-a-1-c2-u0.9-m3-p5-f1.npy
feature/403-RISCY-a-1-c5-u0.75-m1-p4-f1.npy,label/403-RISCY-a-1-c5-u0.75-m1-p4-f1.npy
feature/133-RISCY-a-1-c2-u0.7-m1-p6-f1.npy,label/133-RISCY-a-1-c2-u0.7-m1-p6-f1.npy
feature/36-RISCY-a-1-c2-u0.75-m1-p7-f0.npy,label/36-RISCY-a-1-c2-u0.75-m1-p7-f0.npy
feature/4-RISCY-a-1-c2-u0.7-m1-p4-f0.npy,label/4-RISCY-a-1-c2-u0.7-m1-p4-f0.npy
feature/705-RISCY-a-1-c20-u0.85-m2-p5-f1.npy,label/705-RISCY-a-1-c20-u0.85-m2-p5-f1.npy
feature/976-RISCY-a-2-c5-u0.7-m2-p8-f0.npy,label/976-RISCY-a-2-c5-u0.7-m2-p8-f0.npy
feature/789-RISCY-a-2-c2-u0.75-m3-p6-f0.npy,label/789-RISCY-a-2-c2-u0.75-m3-p6-f0.npy
feature/728-RISCY-a-1-c20-u0.9-m2-p5-f1.npy,label/728-RISCY-a-1-c20-u0.9-m2-p5-f1.npy
feature/41-RISCY-a-1-c2-u0.75-m2-p4-f0.npy,label/41-RISCY-a-1-c2-u0.75-m2-p4-f0.npy
feature/387-RISCY-a-1-c5-u0.7-m2-p4-f1.npy,label/387-RISCY-a-1-c5-u0.7-m2-p4-f1.npy
feature/917-RISCY-a-2-c2-u0.85-m1-p6-f1.npy,label/917-RISCY-a-2-c2-u0.85-m1-p6-f1.npy
feature/665-RISCY-a-1-c20-u0.75-m3-p5-f1.npy,label/665-RISCY-a-1-c20-u0.75-m3-p5-f1.npy
feature/880-RISCY-a-2-c2-u0.75-m3-p1-f1.npy,label/880-RISCY-a-2-c2-u0.75-m3-p1-f1.npy
feature/111-RISCY-a-1-c2-u0.85-m3-p8-f0.npy,label/111-RISCY-a-1-c2-u0.85-m3-p8-f0.npy
feature/585-RISCY-a-1-c20-u0.85-m1-p1-f0.npy,label/585-RISCY-a-1-c20-u0.85-m1-p1-f0.npy
feature/153-RISCY-a-1-c2-u0.75-m1-p2-f1.npy,label/153-RISCY-a-1-c2-u0.75-m1-p2-f1.npy
feature/414-RISCY-a-1-c5-u0.75-m2-p7-f1.npy,label/414-RISCY-a-1-c5-u0.75-m2-p7-f1.npy
feature/247-RISCY-a-1-c2-u0.9-m3-p8-f1.npy,label/247-RISCY-a-1-c2-u0.9-m3-p8-f1.npy
feature/487-RISCY-a-1-c5-u0.9-m3-p2-f1.npy,label/487-RISCY-a-1-c5-u0.9-m3-p2-f1.npy
feature/138-RISCY-a-1-c2-u0.7-m2-p3-f1.npy,label/138-RISCY-a-1-c2-u0.7-m2-p3-f1.npy
feature/980-RISCY-a-2-c5-u0.7-m3-p6-f0.npy,label/980-RISCY-a-2-c5-u0.7-m3-p6-f0.npy
feature/215-RISCY-a-1-c2-u0.85-m2-p8-f1.npy,label/215-RISCY-a-1-c2-u0.85-m2-p8-f1.npy
feature/23-RISCY-a-1-c2-u0.7-m4-p2-f0.npy,label/23-RISCY-a-1-c2-u0.7-m4-p2-f0.npy
feature/81-RISCY-a-1-c2-u0.8-m3-p8-f0.npy,label/81-RISCY-a-1-c2-u0.8-m3-p8-f0.npy
feature/356-RISCY-a-1-c5-u0.85-m2-p5-f0.npy,label/356-RISCY-a-1-c5-u0.85-m2-p5-f0.npy
feature/254-RISCY-a-1-c5-u0.7-m1-p7-f0.npy,label/254-RISCY-a-1-c5-u0.7-m1-p7-f0.npy
feature/541-RISCY-a-1-c20-u0.75-m3-p3-f0.npy,label/541-RISCY-a-1-c20-u0.75-m3-p3-f0.npy
feature/940-RISCY-a-2-c2-u0.9-m1-p5-f1.npy,label/940-RISCY-a-2-c2-u0.9-m1-p5-f1.npy
feature/140-RISCY-a-1-c2-u0.7-m2-p5-f1.npy,label/140-RISCY-a-1-c2-u0.7-m2-p5-f1.npy
feature/876-RISCY-a-2-c2-u0.75-m2-p5-f1.npy,label/876-RISCY-a-2-c2-u0.75-m2-p5-f1.npy
feature/245-RISCY-a-1-c2-u0.9-m3-p6-f1.npy,label/245-RISCY-a-1-c2-u0.9-m3-p6-f1.npy
feature/826-RISCY-a-2-c2-u0.8-m4-p8-f0.npy,label/826-RISCY-a-2-c2-u0.8-m4-p8-f0.npy
feature/915-RISCY-a-2-c2-u0.85-m1-p4-f1.npy,label/915-RISCY-a-2-c2-u0.85-m1-p4-f1.npy
feature/162-RISCY-a-1-c2-u0.75-m2-p3-f1.npy,label/162-RISCY-a-1-c2-u0.75-m2-p3-f1.npy
feature/201-RISCY-a-1-c2-u0.85-m1-p2-f1.npy,label/201-RISCY-a-1-c2-u0.85-m1-p2-f1.npy
feature/159-RISCY-a-1-c2-u0.75-m1-p8-f1.npy,label/159-RISCY-a-1-c2-u0.75-m1-p8-f1.npy
feature/355-RISCY-a-1-c5-u0.85-m2-p4-f0.npy,label/355-RISCY-a-1-c5-u0.85-m2-p4-f0.npy
feature/727-RISCY-a-1-c20-u0.9-m2-p4-f1.npy,label/727-RISCY-a-1-c20-u0.9-m2-p4-f1.npy
feature/692-RISCY-a-1-c20-u0.8-m3-p8-f1.npy,label/692-RISCY-a-1-c20-u0.8-m3-p8-f1.npy
feature/697-RISCY-a-1-c20-u0.85-m1-p5-f1.npy,label/697-RISCY-a-1-c20-u0.85-m1-p5-f1.npy
feature/743-RISCY-a-2-c2-u0.7-m1-p7-f0.npy,label/743-RISCY-a-2-c2-u0.7-m1-p7-f0.npy
feature/15-RISCY-a-1-c2-u0.7-m2-p8-f0.npy,label/15-RISCY-a-1-c2-u0.7-m2-p8-f0.npy
feature/61-RISCY-a-1-c2-u0.8-m1-p2-f0.npy,label/61-RISCY-a-1-c2-u0.8-m1-p2-f0.npy
feature/210-RISCY-a-1-c2-u0.85-m2-p3-f1.npy,label/210-RISCY-a-1-c2-u0.85-m2-p3-f1.npy
feature/548-RISCY-a-1-c20-u0.75-m4-p2-f0.npy,label/548-RISCY-a-1-c20-u0.75-m4-p2-f0.npy
feature/345-RISCY-a-1-c5-u0.85-m1-p2-f0.npy,label/345-RISCY-a-1-c5-u0.85-m1-p2-f0.npy
feature/418-RISCY-a-1-c5-u0.75-m3-p3-f1.npy,label/418-RISCY-a-1-c5-u0.75-m3-p3-f1.npy
feature/657-RISCY-a-1-c20-u0.75-m2-p5-f1.npy,label/657-RISCY-a-1-c20-u0.75-m2-p5-f1.npy
feature/171-RISCY-a-1-c2-u0.75-m3-p4-f1.npy,label/171-RISCY-a-1-c2-u0.75-m3-p4-f1.npy
feature/485-RISCY-a-1-c5-u0.9-m2-p6-f1.npy,label/485-RISCY-a-1-c5-u0.9-m2-p6-f1.npy
feature/669-RISCY-a-1-c20-u0.8-m1-p1-f1.npy,label/669-RISCY-a-1-c20-u0.8-m1-p1-f1.npy
feature/956-RISCY-a-2-c2-u0.9-m3-p6-f1.npy,label/956-RISCY-a-2-c2-u0.9-m3-p6-f1.npy
feature/374-RISCY-a-1-c5-u0.9-m1-p7-f0.npy,label/374-RISCY-a-1-c5-u0.9-m1-p7-f0.npy
feature/30-RISCY-a-1-c2-u0.75-m1-p1-f0.npy,label/30-RISCY-a-1-c2-u0.75-m1-p1-f0.npy
feature/166-RISCY-a-1-c2-u0.75-m2-p7-f1.npy,label/166-RISCY-a-1-c2-u0.75-m2-p7-f1.npy
feature/98-RISCY-a-1-c2-u0.85-m2-p1-f0.npy,label/98-RISCY-a-1-c2-u0.85-m2-p1-f0.npy
feature/561-RISCY-a-1-c20-u0.8-m1-p7-f0.npy,label/561-RISCY-a-1-c20-u0.8-m1-p7-f0.npy
feature/987-RISCY-a-2-c5-u0.7-m4-p4-f0.npy,label/987-RISCY-a-2-c5-u0.7-m4-p4-f0.npy
feature/144-RISCY-a-1-c2-u0.7-m3-p1-f1.npy,label/144-RISCY-a-1-c2-u0.7-m3-p1-f1.npy
feature/186-RISCY-a-1-c2-u0.8-m2-p3-f1.npy,label/186-RISCY-a-1-c2-u0.8-m2-p3-f1.npy
feature/76-RISCY-a-1-c2-u0.8-m3-p1-f0.npy,label/76-RISCY-a-1-c2-u0.8-m3-p1-f0.npy
feature/435-RISCY-a-1-c5-u0.8-m2-p4-f1.npy,label/435-RISCY-a-1-c5-u0.8-m2-p4-f1.npy
feature/534-RISCY-a-1-c20-u0.75-m2-p3-f0.npy,label/534-RISCY-a-1-c20-u0.75-m2-p3-f0.npy
feature/642-RISCY-a-1-c20-u0.7-m3-p5-f1.npy,label/642-RISCY-a-1-c20-u0.7-m3-p5-f1.npy
feature/183-RISCY-a-1-c2-u0.8-m1-p8-f1.npy,label/183-RISCY-a-1-c2-u0.8-m1-p8-f1.npy
feature/904-RISCY-a-2-c2-u0.8-m3-p1-f1.npy,label/904-RISCY-a-2-c2-u0.8-m3-p1-f1.npy
feature/899-RISCY-a-2-c2-u0.8-m2-p4-f1.npy,label/899-RISCY-a-2-c2-u0.8-m2-p4-f1.npy
feature/747-RISCY-a-2-c2-u0.7-m2-p4-f0.npy,label/747-RISCY-a-2-c2-u0.7-m2-p4-f0.npy
feature/731-RISCY-a-1-c20-u0.9-m3-p1-f1.npy,label/731-RISCY-a-1-c20-u0.9-m3-p1-f1.npy
feature/783-RISCY-a-2-c2-u0.75-m3-p1-f0.npy,label/783-RISCY-a-2-c2-u0.75-m3-p1-f0.npy
feature/13-RISCY-a-1-c2-u0.7-m2-p6-f0.npy,label/13-RISCY-a-1-c2-u0.7-m2-p6-f0.npy
feature/752-RISCY-a-2-c2-u0.7-m3-p2-f0.npy,label/752-RISCY-a-2-c2-u0.7-m3-p2-f0.npy
feature/979-RISCY-a-2-c5-u0.7-m3-p5-f0.npy,label/979-RISCY-a-2-c5-u0.7-m3-p5-f0.npy
feature/918-RISCY-a-2-c2-u0.85-m1-p7-f1.npy,label/918-RISCY-a-2-c2-u0.85-m1-p7-f1.npy
feature/567-RISCY-a-1-c20-u0.8-m2-p5-f0.npy,label/567-RISCY-a-1-c20-u0.8-m2-p5-f0.npy
feature/1000-RISCY-a-2-c5-u0.75-m2-p1-f0.npy,label/1000-RISCY-a-2-c5-u0.75-m2-p1-f0.npy
feature/273-RISCY-a-1-c5-u0.7-m4-p2-f0.npy,label/273-RISCY-a-1-c5-u0.7-m4-p2-f0.npy
feature/802-RISCY-a-2-c2-u0.8-m1-p3-f0.npy,label/802-RISCY-a-2-c2-u0.8-m1-p3-f0.npy
feature/920-RISCY-a-2-c2-u0.85-m2-p1-f1.npy,label/920-RISCY-a-2-c2-u0.85-m2-p1-f1.npy
feature/555-RISCY-a-1-c20-u0.8-m1-p1-f0.npy,label/555-RISCY-a-1-c20-u0.8-m1-p1-f0.npy
feature/598-RISCY-a-1-c20-u0.85-m2-p6-f0.npy,label/598-RISCY-a-1-c20-u0.85-m2-p6-f0.npy
feature/765-RISCY-a-2-c2-u0.7-m4-p7-f0.npy,label/765-RISCY-a-2-c2-u0.7-m4-p7-f0.npy
feature/879-RISCY-a-2-c2-u0.75-m2-p8-f1.npy,label/879-RISCY-a-2-c2-u0.75-m2-p8-f1.npy
feature/410-RISCY-a-1-c5-u0.75-m2-p3-f1.npy,label/410-RISCY-a-1-c5-u0.75-m2-p3-f1.npy
feature/362-RISCY-a-1-c5-u0.85-m4-p3-f0.npy,label/362-RISCY-a-1-c5-u0.85-m4-p3-f0.npy
feature/942-RISCY-a-2-c2-u0.9-m1-p8-f1.npy,label/942-RISCY-a-2-c2-u0.9-m1-p8-f1.npy
feature/837-RISCY-a-2-c2-u0.85-m4-p6-f0.npy,label/837-RISCY-a-2-c2-u0.85-m4-p6-f0.npy
feature/570-RISCY-a-1-c20-u0.8-m2-p8-f0.npy,label/570-RISCY-a-1-c20-u0.8-m2-p8-f0.npy
feature/493-RISCY-a-1-c20-u0.7-m1-p1-f0.npy,label/493-RISCY-a-1-c20-u0.7-m1-p1-f0.npy
feature/817-RISCY-a-2-c2-u0.8-m3-p7-f0.npy,label/817-RISCY-a-2-c2-u0.8-m3-p7-f0.npy
feature/853-RISCY-a-2-c2-u0.7-m2-p6-f1.npy,label/853-RISCY-a-2-c2-u0.7-m2-p6-f1.npy
feature/71-RISCY-a-1-c2-u0.8-m2-p4-f0.npy,label/71-RISCY-a-1-c2-u0.8-m2-p4-f0.npy
feature/483-RISCY-a-1-c5-u0.9-m2-p4-f1.npy,label/483-RISCY-a-1-c5-u0.9-m2-p4-f1.npy
feature/86-RISCY-a-1-c2-u0.8-m4-p5-f0.npy,label/86-RISCY-a-1-c2-u0.8-m4-p5-f0.npy
feature/147-RISCY-a-1-c2-u0.7-m3-p4-f1.npy,label/147-RISCY-a-1-c2-u0.7-m3-p4-f1.npy
feature/178-RISCY-a-1-c2-u0.8-m1-p3-f1.npy,label/178-RISCY-a-1-c2-u0.8-m1-p3-f1.npy
feature/96-RISCY-a-1-c2-u0.85-m1-p7-f0.npy,label/96-RISCY-a-1-c2-u0.85-m1-p7-f0.npy
feature/52-RISCY-a-1-c2-u0.75-m4-p1-f0.npy,label/52-RISCY-a-1-c2-u0.75-m4-p1-f0.npy
feature/252-RISCY-a-1-c5-u0.7-m1-p5-f0.npy,label/252-RISCY-a-1-c5-u0.7-m1-p5-f0.npy
feature/440-RISCY-a-1-c5-u0.8-m3-p1-f1.npy,label/440-RISCY-a-1-c5-u0.8-m3-p1-f1.npy
feature/674-RISCY-a-1-c20-u0.8-m1-p6-f1.npy,label/674-RISCY-a-1-c20-u0.8-m1-p6-f1.npy
feature/197-RISCY-a-1-c2-u0.8-m3-p6-f1.npy,label/197-RISCY-a-1-c2-u0.8-m3-p6-f1.npy
feature/422-RISCY-a-1-c5-u0.75-m3-p7-f1.npy,label/422-RISCY-a-1-c5-u0.75-m3-p7-f1.npy
feature/287-RISCY-a-1-c5-u0.75-m1-p8-f0.npy,label/287-RISCY-a-1-c5-u0.75-m1-p8-f0.npy
feature/948-RISCY-a-2-c2-u0.9-m2-p6-f1.npy,label/948-RISCY-a-2-c2-u0.9-m2-p6-f1.npy
feature/260-RISCY-a-1-c5-u0.7-m2-p5-f0.npy,label/260-RISCY-a-1-c5-u0.7-m2-p5-f0.npy
feature/129-RISCY-a-1-c2-u0.7-m1-p2-f1.npy,label/129-RISCY-a-1-c2-u0.7-m1-p2-f1.npy
feature/865-RISCY-a-2-c2-u0.75-m1-p2-f1.npy,label/865-RISCY-a-2-c2-u0.75-m1-p2-f1.npy
feature/784-RISCY-a-2-c2-u0.75-m3-p2-f0.npy,label/784-RISCY-a-2-c2-u0.75-m3-p2-f0.npy
feature/615-RISCY-a-1-c20-u0.85-m4-p7-f0.npy,label/615-RISCY-a-1-c20-u0.85-m4-p7-f0.npy
feature/688-RISCY-a-1-c20-u0.8-m3-p4-f1.npy,label/688-RISCY-a-1-c20-u0.8-m3-p4-f1.npy
feature/828-RISCY-a-2-c2-u0.85-m1-p5-f0.npy,label/828-RISCY-a-2-c2-u0.85-m1-p5-f0.npy
feature/134-RISCY-a-1-c2-u0.7-m1-p7-f1.npy,label/134-RISCY-a-1-c2-u0.7-m1-p7-f1.npy
feature/756-RISCY-a-2-c2-u0.7-m3-p6-f0.npy,label/756-RISCY-a-2-c2-u0.7-m3-p6-f0.npy
feature/698-RISCY-a-1-c20-u0.85-m1-p6-f1.npy,label/698-RISCY-a-1-c20-u0.85-m1-p6-f1.npy
feature/641-RISCY-a-1-c20-u0.7-m3-p4-f1.npy,label/641-RISCY-a-1-c20-u0.7-m3-p4-f1.npy
feature/610-RISCY-a-1-c20-u0.85-m4-p2-f0.npy,label/610-RISCY-a-1-c20-u0.85-m4-p2-f0.npy
feature/835-RISCY-a-2-c2-u0.85-m4-p4-f0.npy,label/835-RISCY-a-2-c2-u0.85-m4-p4-f0.npy
feature/275-RISCY-a-1-c5-u0.7-m4-p4-f0.npy,label/275-RISCY-a-1-c5-u0.7-m4-p4-f0.npy
feature/385-RISCY-a-1-c5-u0.7-m2-p2-f1.npy,label/385-RISCY-a-1-c5-u0.7-m2-p2-f1.npy
feature/448-RISCY-a-1-c5-u0.85-m1-p1-f1.npy,label/448-RISCY-a-1-c5-u0.85-m1-p1-f1.npy
feature/689-RISCY-a-1-c20-u0.8-m3-p5-f1.npy,label/689-RISCY-a-1-c20-u0.8-m3-p5-f1.npy
feature/680-RISCY-a-1-c20-u0.8-m2-p4-f1.npy,label/680-RISCY-a-1-c20-u0.8-m2-p4-f1.npy
feature/490-RISCY-a-1-c5-u0.9-m3-p5-f1.npy,label/490-RISCY-a-1-c5-u0.9-m3-p5-f1.npy
feature/213-RISCY-a-1-c2-u0.85-m2-p6-f1.npy,label/213-RISCY-a-1-c2-u0.85-m2-p6-f1.npy
feature/145-RISCY-a-1-c2-u0.7-m3-p2-f1.npy,label/145-RISCY-a-1-c2-u0.7-m3-p2-f1.npy
feature/587-RISCY-a-1-c20-u0.85-m1-p3-f0.npy,label/587-RISCY-a-1-c20-u0.85-m1-p3-f0.npy
feature/750-RISCY-a-2-c2-u0.7-m2-p7-f0.npy,label/750-RISCY-a-2-c2-u0.7-m2-p7-f0.npy
feature/390-RISCY-a-1-c5-u0.7-m2-p7-f1.npy,label/390-RISCY-a-1-c5-u0.7-m2-p7-f1.npy
feature/937-RISCY-a-2-c2-u0.9-m1-p2-f1.npy,label/937-RISCY-a-2-c2-u0.9-m1-p2-f1.npy
feature/474-RISCY-a-1-c5-u0.9-m1-p3-f1.npy,label/474-RISCY-a-1-c5-u0.9-m1-p3-f1.npy
feature/869-RISCY-a-2-c2-u0.75-m1-p6-f1.npy,label/869-RISCY-a-2-c2-u0.75-m1-p6-f1.npy
feature/633-RISCY-a-1-c20-u0.7-m2-p4-f1.npy,label/633-RISCY-a-1-c20-u0.7-m2-p4-f1.npy
feature/522-RISCY-a-1-c20-u0.7-m4-p7-f0.npy,label/522-RISCY-a-1-c20-u0.7-m4-p7-f0.npy
feature/823-RISCY-a-2-c2-u0.8-m4-p5-f0.npy,label/823-RISCY-a-2-c2-u0.8-m4-p5-f0.npy
feature/652-RISCY-a-1-c20-u0.75-m1-p7-f1.npy,label/652-RISCY-a-1-c20-u0.75-m1-p7-f1.npy
feature/701-RISCY-a-1-c20-u0.85-m2-p1-f1.npy,label/701-RISCY-a-1-c20-u0.85-m2-p1-f1.npy
feature/89-RISCY-a-1-c2-u0.8-m4-p8-f0.npy,label/89-RISCY-a-1-c2-u0.8-m4-p8-f0.npy
feature/221-RISCY-a-1-c2-u0.85-m3-p6-f1.npy,label/221-RISCY-a-1-c2-u0.85-m3-p6-f1.npy
feature/379-RISCY-a-1-c5-u0.7-m1-p4-f1.npy,label/379-RISCY-a-1-c5-u0.7-m1-p4-f1.npy
feature/78-RISCY-a-1-c2-u0.8-m3-p5-f0.npy,label/78-RISCY-a-1-c2-u0.8-m3-p5-f0.npy
feature/890-RISCY-a-2-c2-u0.8-m1-p3-f1.npy,label/890-RISCY-a-2-c2-u0.8-m1-p3-f1.npy
feature/718-RISCY-a-1-c20-u0.9-m1-p2-f1.npy,label/718-RISCY-a-1-c20-u0.9-m1-p2-f1.npy
feature/280-RISCY-a-1-c5-u0.75-m1-p1-f0.npy,label/280-RISCY-a-1-c5-u0.75-m1-p1-f0.npy
feature/670-RISCY-a-1-c20-u0.8-m1-p2-f1.npy,label/670-RISCY-a-1-c20-u0.8-m1-p2-f1.npy
feature/872-RISCY-a-2-c2-u0.75-m2-p1-f1.npy,label/872-RISCY-a-2-c2-u0.75-m2-p1-f1.npy
feature/536-RISCY-a-1-c20-u0.75-m2-p5-f0.npy,label/536-RISCY-a-1-c20-u0.75-m2-p5-f0.npy
feature/149-RISCY-a-1-c2-u0.7-m3-p6-f1.npy,label/149-RISCY-a-1-c2-u0.7-m3-p6-f1.npy
feature/60-RISCY-a-1-c2-u0.8-m1-p1-f0.npy,label/60-RISCY-a-1-c2-u0.8-m1-p1-f0.npy
feature/266-RISCY-a-1-c5-u0.7-m3-p3-f0.npy,label/266-RISCY-a-1-c5-u0.7-m3-p3-f0.npy
feature/673-RISCY-a-1-c20-u0.8-m1-p5-f1.npy,label/673-RISCY-a-1-c20-u0.8-m1-p5-f1.npy
feature/775-RISCY-a-2-c2-u0.75-m1-p8-f0.npy,label/775-RISCY-a-2-c2-u0.75-m1-p8-f0.npy
feature/856-RISCY-a-2-c2-u0.7-m3-p1-f1.npy,label/856-RISCY-a-2-c2-u0.7-m3-p1-f1.npy
feature/891-RISCY-a-2-c2-u0.8-m1-p4-f1.npy,label/891-RISCY-a-2-c2-u0.8-m1-p4-f1.npy
feature/867-RISCY-a-2-c2-u0.75-m1-p4-f1.npy,label/867-RISCY-a-2-c2-u0.75-m1-p4-f1.npy
feature/909-RISCY-a-2-c2-u0.8-m3-p6-f1.npy,label/909-RISCY-a-2-c2-u0.8-m3-p6-f1.npy
feature/42-RISCY-a-1-c2-u0.75-m2-p5-f0.npy,label/42-RISCY-a-1-c2-u0.75-m2-p5-f0.npy
feature/365-RISCY-a-1-c5-u0.85-m4-p6-f0.npy,label/365-RISCY-a-1-c5-u0.85-m4-p6-f0.npy
feature/11-RISCY-a-1-c2-u0.7-m2-p3-f0.npy,label/11-RISCY-a-1-c2-u0.7-m2-p3-f0.npy
feature/222-RISCY-a-1-c2-u0.85-m3-p7-f1.npy,label/222-RISCY-a-1-c2-u0.85-m3-p7-f1.npy
feature/816-RISCY-a-2-c2-u0.8-m3-p6-f0.npy,label/816-RISCY-a-2-c2-u0.8-m3-p6-f0.npy
feature/950-RISCY-a-2-c2-u0.9-m2-p8-f1.npy,label/950-RISCY-a-2-c2-u0.9-m2-p8-f1.npy
feature/421-RISCY-a-1-c5-u0.75-m3-p6-f1.npy,label/421-RISCY-a-1-c5-u0.75-m3-p6-f1.npy
feature/774-RISCY-a-2-c2-u0.75-m1-p7-f0.npy,label/774-RISCY-a-2-c2-u0.75-m1-p7-f0.npy
feature/745-RISCY-a-2-c2-u0.7-m2-p1-f0.npy,label/745-RISCY-a-2-c2-u0.7-m2-p1-f0.npy
feature/985-RISCY-a-2-c5-u0.7-m4-p2-f0.npy,label/985-RISCY-a-2-c5-u0.7-m4-p2-f0.npy
feature/456-RISCY-a-1-c5-u0.85-m2-p1-f1.npy,label/456-RISCY-a-1-c5-u0.85-m2-p1-f1.npy
feature/354-RISCY-a-1-c5-u0.85-m2-p3-f0.npy,label/354-RISCY-a-1-c5-u0.85-m2-p3-f0.npy
feature/457-RISCY-a-1-c5-u0.85-m2-p2-f1.npy,label/457-RISCY-a-1-c5-u0.85-m2-p2-f1.npy
feature/312-RISCY-a-1-c5-u0.8-m1-p1-f0.npy,label/312-RISCY-a-1-c5-u0.8-m1-p1-f0.npy
feature/199-RISCY-a-1-c2-u0.8-m3-p8-f1.npy,label/199-RISCY-a-1-c2-u0.8-m3-p8-f1.npy
feature/146-RISCY-a-1-c2-u0.7-m3-p3-f1.npy,label/146-RISCY-a-1-c2-u0.7-m3-p3-f1.npy
feature/500-RISCY-a-1-c20-u0.7-m1-p8-f0.npy,label/500-RISCY-a-1-c20-u0.7-m1-p8-f0.npy
feature/177-RISCY-a-1-c2-u0.8-m1-p2-f1.npy,label/177-RISCY-a-1-c2-u0.8-m1-p2-f1.npy
feature/477-RISCY-a-1-c5-u0.9-m1-p6-f1.npy,label/477-RISCY-a-1-c5-u0.9-m1-p6-f1.npy
feature/327-RISCY-a-1-c5-u0.8-m2-p8-f0.npy,label/327-RISCY-a-1-c5-u0.8-m2-p8-f0.npy
feature/497-RISCY-a-1-c20-u0.7-m1-p5-f0.npy,label/497-RISCY-a-1-c20-u0.7-m1-p5-f0.npy
feature/777-RISCY-a-2-c2-u0.75-m2-p2-f0.npy,label/777-RISCY-a-2-c2-u0.75-m2-p2-f0.npy
feature/220-RISCY-a-1-c2-u0.85-m3-p5-f1.npy,label/220-RISCY-a-1-c2-u0.85-m3-p5-f1.npy
feature/602-RISCY-a-1-c20-u0.85-m3-p2-f0.npy,label/602-RISCY-a-1-c20-u0.85-m3-p2-f0.npy
feature/270-RISCY-a-1-c5-u0.7-m3-p7-f0.npy,label/270-RISCY-a-1-c5-u0.7-m3-p7-f0.npy
feature/130-RISCY-a-1-c2-u0.7-m1-p3-f1.npy,label/130-RISCY-a-1-c2-u0.7-m1-p3-f1.npy
feature/315-RISCY-a-1-c5-u0.8-m1-p4-f0.npy,label/315-RISCY-a-1-c5-u0.8-m1-p4-f0.npy
feature/369-RISCY-a-1-c5-u0.9-m1-p2-f0.npy,label/369-RISCY-a-1-c5-u0.9-m1-p2-f0.npy
feature/597-RISCY-a-1-c20-u0.85-m2-p5-f0.npy,label/597-RISCY-a-1-c20-u0.85-m2-p5-f0.npy
feature/279-RISCY-a-1-c5-u0.7-m4-p8-f0.npy,label/279-RISCY-a-1-c5-u0.7-m4-p8-f0.npy
feature/416-RISCY-a-1-c5-u0.75-m3-p1-f1.npy,label/416-RISCY-a-1-c5-u0.75-m3-p1-f1.npy
feature/316-RISCY-a-1-c5-u0.8-m1-p5-f0.npy,label/316-RISCY-a-1-c5-u0.8-m1-p5-f0.npy
feature/656-RISCY-a-1-c20-u0.75-m2-p4-f1.npy,label/656-RISCY-a-1-c20-u0.75-m2-p4-f1.npy
feature/58-RISCY-a-1-c2-u0.75-m4-p7-f0.npy,label/58-RISCY-a-1-c2-u0.75-m4-p7-f0.npy
feature/285-RISCY-a-1-c5-u0.75-m1-p6-f0.npy,label/285-RISCY-a-1-c5-u0.75-m1-p6-f0.npy
feature/796-RISCY-a-2-c2-u0.75-m4-p5-f0.npy,label/796-RISCY-a-2-c2-u0.75-m4-p5-f0.npy
feature/767-RISCY-a-2-c2-u0.75-m1-p1-f0.npy,label/767-RISCY-a-2-c2-u0.75-m1-p1-f0.npy
feature/117-RISCY-a-1-c2-u0.85-m4-p6-f0.npy,label/117-RISCY-a-1-c2-u0.85-m4-p6-f0.npy
feature/924-RISCY-a-2-c2-u0.85-m2-p5-f1.npy,label/924-RISCY-a-2-c2-u0.85-m2-p5-f1.npy
feature/845-RISCY-a-2-c2-u0.7-m1-p6-f1.npy,label/845-RISCY-a-2-c2-u0.7-m1-p6-f1.npy
feature/321-RISCY-a-1-c5-u0.8-m2-p2-f0.npy,label/321-RISCY-a-1-c5-u0.8-m2-p2-f0.npy
feature/227-RISCY-a-1-c2-u0.9-m1-p4-f1.npy,label/227-RISCY-a-1-c2-u0.9-m1-p4-f1.npy
feature/325-RISCY-a-1-c5-u0.8-m2-p6-f0.npy,label/325-RISCY-a-1-c5-u0.8-m2-p6-f0.npy
feature/67-RISCY-a-1-c2-u0.8-m1-p8-f0.npy,label/67-RISCY-a-1-c2-u0.8-m1-p8-f0.npy
feature/290-RISCY-a-1-c5-u0.75-m2-p3-f0.npy,label/290-RISCY-a-1-c5-u0.75-m2-p3-f0.npy
feature/875-RISCY-a-2-c2-u0.75-m2-p4-f1.npy,label/875-RISCY-a-2-c2-u0.75-m2-p4-f1.npy
feature/26-RISCY-a-1-c2-u0.7-m4-p5-f0.npy,label/26-RISCY-a-1-c2-u0.7-m4-p5-f0.npy
feature/466-RISCY-a-1-c5-u0.85-m3-p3-f1.npy,label/466-RISCY-a-1-c5-u0.85-m3-p3-f1.npy
feature/851-RISCY-a-2-c2-u0.7-m2-p4-f1.npy,label/851-RISCY-a-2-c2-u0.7-m2-p4-f1.npy
feature/659-RISCY-a-1-c20-u0.75-m2-p7-f1.npy,label/659-RISCY-a-1-c20-u0.75-m2-p7-f1.npy
feature/969-RISCY-a-2-c5-u0.7-m2-p2-f0.npy,label/969-RISCY-a-2-c5-u0.7-m2-p2-f0.npy
feature/498-RISCY-a-1-c20-u0.7-m1-p6-f0.npy,label/498-RISCY-a-1-c20-u0.7-m1-p6-f0.npy
feature/447-RISCY-a-1-c5-u0.8-m3-p8-f1.npy,label/447-RISCY-a-1-c5-u0.8-m3-p8-f1.npy
feature/508-RISCY-a-1-c20-u0.7-m2-p8-f0.npy,label/508-RISCY-a-1-c20-u0.7-m2-p8-f0.npy
feature/257-RISCY-a-1-c5-u0.7-m2-p2-f0.npy,label/257-RISCY-a-1-c5-u0.7-m2-p2-f0.npy
feature/529-RISCY-a-1-c20-u0.75-m1-p6-f0.npy,label/529-RISCY-a-1-c20-u0.75-m1-p6-f0.npy
feature/771-RISCY-a-2-c2-u0.75-m1-p4-f0.npy,label/771-RISCY-a-2-c2-u0.75-m1-p4-f0.npy
feature/933-RISCY-a-2-c2-u0.85-m3-p6-f1.npy,label/933-RISCY-a-2-c2-u0.85-m3-p6-f1.npy
feature/568-RISCY-a-1-c20-u0.8-m2-p6-f0.npy,label/568-RISCY-a-1-c20-u0.8-m2-p6-f0.npy
feature/109-RISCY-a-1-c2-u0.85-m3-p6-f0.npy,label/109-RISCY-a-1-c2-u0.85-m3-p6-f0.npy
feature/380-RISCY-a-1-c5-u0.7-m1-p5-f1.npy,label/380-RISCY-a-1-c5-u0.7-m1-p5-f1.npy
feature/794-RISCY-a-2-c2-u0.75-m4-p3-f0.npy,label/794-RISCY-a-2-c2-u0.75-m4-p3-f0.npy
feature/88-RISCY-a-1-c2-u0.8-m4-p7-f0.npy,label/88-RISCY-a-1-c2-u0.8-m4-p7-f0.npy
feature/286-RISCY-a-1-c5-u0.75-m1-p7-f0.npy,label/286-RISCY-a-1-c5-u0.75-m1-p7-f0.npy
feature/754-RISCY-a-2-c2-u0.7-m3-p4-f0.npy,label/754-RISCY-a-2-c2-u0.7-m3-p4-f0.npy
feature/299-RISCY-a-1-c5-u0.75-m3-p4-f0.npy,label/299-RISCY-a-1-c5-u0.75-m3-p4-f0.npy
feature/16-RISCY-a-1-c2-u0.7-m3-p1-f0.npy,label/16-RISCY-a-1-c2-u0.7-m3-p1-f0.npy
feature/401-RISCY-a-1-c5-u0.75-m1-p2-f1.npy,label/401-RISCY-a-1-c5-u0.75-m1-p2-f1.npy
feature/558-RISCY-a-1-c20-u0.8-m1-p4-f0.npy,label/558-RISCY-a-1-c20-u0.8-m1-p4-f0.npy
feature/269-RISCY-a-1-c5-u0.7-m3-p6-f0.npy,label/269-RISCY-a-1-c5-u0.7-m3-p6-f0.npy
feature/77-RISCY-a-1-c2-u0.8-m3-p4-f0.npy,label/77-RISCY-a-1-c2-u0.8-m3-p4-f0.npy
feature/479-RISCY-a-1-c5-u0.9-m1-p8-f1.npy,label/479-RISCY-a-1-c5-u0.9-m1-p8-f1.npy
feature/2-RISCY-a-1-c2-u0.7-m1-p2-f0.npy,label/2-RISCY-a-1-c2-u0.7-m1-p2-f0.npy
feature/409-RISCY-a-1-c5-u0.75-m2-p2-f1.npy,label/409-RISCY-a-1-c5-u0.75-m2-p2-f1.npy
feature/274-RISCY-a-1-c5-u0.7-m4-p3-f0.npy,label/274-RISCY-a-1-c5-u0.7-m4-p3-f0.npy
feature/992-RISCY-a-2-c5-u0.75-m1-p1-f0.npy,label/992-RISCY-a-2-c5-u0.75-m1-p1-f0.npy
feature/46-RISCY-a-1-c2-u0.75-m3-p1-f0.npy,label/46-RISCY-a-1-c2-u0.75-m3-p1-f0.npy
feature/514-RISCY-a-1-c20-u0.7-m3-p6-f0.npy,label/514-RISCY-a-1-c20-u0.7-m3-p6-f0.npy
feature/481-RISCY-a-1-c5-u0.9-m2-p2-f1.npy,label/481-RISCY-a-1-c5-u0.9-m2-p2-f1.npy
feature/994-RISCY-a-2-c5-u0.75-m1-p3-f0.npy,label/994-RISCY-a-2-c5-u0.75-m1-p3-f0.npy
feature/613-RISCY-a-1-c20-u0.85-m4-p5-f0.npy,label/613-RISCY-a-1-c20-u0.85-m4-p5-f0.npy
feature/844-RISCY-a-2-c2-u0.7-m1-p5-f1.npy,label/844-RISCY-a-2-c2-u0.7-m1-p5-f1.npy
feature/335-RISCY-a-1-c5-u0.8-m3-p8-f0.npy,label/335-RISCY-a-1-c5-u0.8-m3-p8-f0.npy
feature/417-RISCY-a-1-c5-u0.75-m3-p2-f1.npy,label/417-RISCY-a-1-c5-u0.75-m3-p2-f1.npy
feature/599-RISCY-a-1-c20-u0.85-m2-p7-f0.npy,label/599-RISCY-a-1-c20-u0.85-m2-p7-f0.npy
feature/793-RISCY-a-2-c2-u0.75-m4-p2-f0.npy,label/793-RISCY-a-2-c2-u0.75-m4-p2-f0.npy
feature/120-RISCY-a-1-c2-u0.9-m1-p1-f0.npy,label/120-RISCY-a-1-c2-u0.9-m1-p1-f0.npy
feature/893-RISCY-a-2-c2-u0.8-m1-p6-f1.npy,label/893-RISCY-a-2-c2-u0.8-m1-p6-f1.npy
feature/332-RISCY-a-1-c5-u0.8-m3-p5-f0.npy,label/332-RISCY-a-1-c5-u0.8-m3-p5-f0.npy
feature/846-RISCY-a-2-c2-u0.7-m1-p7-f1.npy,label/846-RISCY-a-2-c2-u0.7-m1-p7-f1.npy
feature/741-RISCY-a-2-c2-u0.7-m1-p5-f0.npy,label/741-RISCY-a-2-c2-u0.7-m1-p5-f0.npy
feature/787-RISCY-a-2-c2-u0.75-m3-p4-f0.npy,label/787-RISCY-a-2-c2-u0.75-m3-p4-f0.npy
feature/289-RISCY-a-1-c5-u0.75-m2-p2-f0.npy,label/289-RISCY-a-1-c5-u0.75-m2-p2-f0.npy
feature/256-RISCY-a-1-c5-u0.7-m2-p1-f0.npy,label/256-RISCY-a-1-c5-u0.7-m2-p1-f0.npy
feature/438-RISCY-a-1-c5-u0.8-m2-p7-f1.npy,label/438-RISCY-a-1-c5-u0.8-m2-p7-f1.npy
feature/538-RISCY-a-1-c20-u0.75-m2-p8-f0.npy,label/538-RISCY-a-1-c20-u0.75-m2-p8-f0.npy
feature/858-RISCY-a-2-c2-u0.7-m3-p3-f1.npy,label/858-RISCY-a-2-c2-u0.7-m3-p3-f1.npy
feature/547-RISCY-a-1-c20-u0.75-m4-p1-f0.npy,label/547-RISCY-a-1-c20-u0.75-m4-p1-f0.npy
feature/717-RISCY-a-1-c20-u0.9-m1-p1-f1.npy,label/717-RISCY-a-1-c20-u0.9-m1-p1-f1.npy
feature/75-RISCY-a-1-c2-u0.8-m2-p8-f0.npy,label/75-RISCY-a-1-c2-u0.8-m2-p8-f0.npy
feature/212-RISCY-a-1-c2-u0.85-m2-p5-f1.npy,label/212-RISCY-a-1-c2-u0.85-m2-p5-f1.npy
feature/323-RISCY-a-1-c5-u0.8-m2-p4-f0.npy,label/323-RISCY-a-1-c5-u0.8-m2-p4-f0.npy
feature/205-RISCY-a-1-c2-u0.85-m1-p6-f1.npy,label/205-RISCY-a-1-c2-u0.85-m1-p6-f1.npy
feature/451-RISCY-a-1-c5-u0.85-m1-p4-f1.npy,label/451-RISCY-a-1-c5-u0.85-m1-p4-f1.npy
feature/228-RISCY-a-1-c2-u0.9-m1-p5-f1.npy,label/228-RISCY-a-1-c2-u0.9-m1-p5-f1.npy
feature/313-RISCY-a-1-c5-u0.8-m1-p2-f0.npy,label/313-RISCY-a-1-c5-u0.8-m1-p2-f0.npy
feature/161-RISCY-a-1-c2-u0.75-m2-p2-f1.npy,label/161-RISCY-a-1-c2-u0.75-m2-p2-f1.npy
feature/609-RISCY-a-1-c20-u0.85-m4-p1-f0.npy,label/609-RISCY-a-1-c20-u0.85-m4-p1-f0.npy
feature/306-RISCY-a-1-c5-u0.75-m4-p3-f0.npy,label/306-RISCY-a-1-c5-u0.75-m4-p3-f0.npy
feature/324-RISCY-a-1-c5-u0.8-m2-p5-f0.npy,label/324-RISCY-a-1-c5-u0.8-m2-p5-f0.npy
feature/847-RISCY-a-2-c2-u0.7-m1-p8-f1.npy,label/847-RISCY-a-2-c2-u0.7-m1-p8-f1.npy
feature/204-RISCY-a-1-c2-u0.85-m1-p5-f1.npy,label/204-RISCY-a-1-c2-u0.85-m1-p5-f1.npy
feature/970-RISCY-a-2-c5-u0.7-m2-p3-f0.npy,label/970-RISCY-a-2-c5-u0.7-m2-p3-f0.npy
feature/38-RISCY-a-1-c2-u0.75-m2-p1-f0.npy,label/38-RISCY-a-1-c2-u0.75-m2-p1-f0.npy
feature/755-RISCY-a-2-c2-u0.7-m3-p5-f0.npy,label/755-RISCY-a-2-c2-u0.7-m3-p5-f0.npy
feature/864-RISCY-a-2-c2-u0.75-m1-p1-f1.npy,label/864-RISCY-a-2-c2-u0.75-m1-p1-f1.npy
feature/964-RISCY-a-2-c5-u0.7-m1-p6-f0.npy,label/964-RISCY-a-2-c5-u0.7-m1-p6-f0.npy
feature/101-RISCY-a-1-c2-u0.85-m2-p4-f0.npy,label/101-RISCY-a-1-c2-u0.85-m2-p4-f0.npy
feature/588-RISCY-a-1-c20-u0.85-m1-p4-f0.npy,label/588-RISCY-a-1-c20-u0.85-m1-p4-f0.npy
feature/703-RISCY-a-1-c20-u0.85-m2-p3-f1.npy,label/703-RISCY-a-1-c20-u0.85-m2-p3-f1.npy
feature/348-RISCY-a-1-c5-u0.85-m1-p5-f0.npy,label/348-RISCY-a-1-c5-u0.85-m1-p5-f0.npy
feature/229-RISCY-a-1-c2-u0.9-m1-p6-f1.npy,label/229-RISCY-a-1-c2-u0.9-m1-p6-f1.npy
feature/271-RISCY-a-1-c5-u0.7-m3-p8-f0.npy,label/271-RISCY-a-1-c5-u0.7-m3-p8-f0.npy
feature/195-RISCY-a-1-c2-u0.8-m3-p4-f1.npy,label/195-RISCY-a-1-c2-u0.8-m3-p4-f1.npy
feature/637-RISCY-a-1-c20-u0.7-m2-p8-f1.npy,label/637-RISCY-a-1-c20-u0.7-m2-p8-f1.npy
feature/265-RISCY-a-1-c5-u0.7-m3-p2-f0.npy,label/265-RISCY-a-1-c5-u0.7-m3-p2-f0.npy
feature/8-RISCY-a-1-c2-u0.7-m1-p8-f0.npy,label/8-RISCY-a-1-c2-u0.7-m1-p8-f0.npy
feature/730-RISCY-a-1-c20-u0.9-m2-p8-f1.npy,label/730-RISCY-a-1-c20-u0.9-m2-p8-f1.npy
feature/352-RISCY-a-1-c5-u0.85-m2-p1-f0.npy,label/352-RISCY-a-1-c5-u0.85-m2-p1-f0.npy
feature/929-RISCY-a-2-c2-u0.85-m3-p2-f1.npy,label/929-RISCY-a-2-c2-u0.85-m3-p2-f1.npy
feature/939-RISCY-a-2-c2-u0.9-m1-p4-f1.npy,label/939-RISCY-a-2-c2-u0.9-m1-p4-f1.npy
feature/734-RISCY-a-1-c20-u0.9-m3-p4-f1.npy,label/734-RISCY-a-1-c20-u0.9-m3-p4-f1.npy
feature/235-RISCY-a-1-c2-u0.9-m2-p4-f1.npy,label/235-RISCY-a-1-c2-u0.9-m2-p4-f1.npy
feature/331-RISCY-a-1-c5-u0.8-m3-p4-f0.npy,label/331-RISCY-a-1-c5-u0.8-m3-p4-f0.npy
feature/347-RISCY-a-1-c5-u0.85-m1-p4-f0.npy,label/347-RISCY-a-1-c5-u0.85-m1-p4-f0.npy
feature/866-RISCY-a-2-c2-u0.75-m1-p3-f1.npy,label/866-RISCY-a-2-c2-u0.75-m1-p3-f1.npy
feature/184-RISCY-a-1-c2-u0.8-m2-p1-f1.npy,label/184-RISCY-a-1-c2-u0.8-m2-p1-f1.npy
feature/900-RISCY-a-2-c2-u0.8-m2-p5-f1.npy,label/900-RISCY-a-2-c2-u0.8-m2-p5-f1.npy
feature/997-RISCY-a-2-c5-u0.75-m1-p6-f0.npy,label/997-RISCY-a-2-c5-u0.75-m1-p6-f0.npy
feature/10-RISCY-a-1-c2-u0.7-m2-p2-f0.npy,label/10-RISCY-a-1-c2-u0.7-m2-p2-f0.npy
feature/687-RISCY-a-1-c20-u0.8-m3-p3-f1.npy,label/687-RISCY-a-1-c20-u0.8-m3-p3-f1.npy
feature/947-RISCY-a-2-c2-u0.9-m2-p5-f1.npy,label/947-RISCY-a-2-c2-u0.9-m2-p5-f1.npy
feature/849-RISCY-a-2-c2-u0.7-m2-p2-f1.npy,label/849-RISCY-a-2-c2-u0.7-m2-p2-f1.npy
feature/859-RISCY-a-2-c2-u0.7-m3-p4-f1.npy,label/859-RISCY-a-2-c2-u0.7-m3-p4-f1.npy
feature/382-RISCY-a-1-c5-u0.7-m1-p7-f1.npy,label/382-RISCY-a-1-c5-u0.7-m1-p7-f1.npy
feature/838-RISCY-a-2-c2-u0.85-m4-p7-f0.npy,label/838-RISCY-a-2-c2-u0.85-m4-p7-f0.npy
feature/44-RISCY-a-1-c2-u0.75-m2-p7-f0.npy,label/44-RISCY-a-1-c2-u0.75-m2-p7-f0.npy
feature/127-RISCY-a-1-c2-u0.9-m1-p8-f0.npy,label/127-RISCY-a-1-c2-u0.9-m1-p8-f0.npy
feature/376-RISCY-a-1-c5-u0.7-m1-p1-f1.npy,label/376-RISCY-a-1-c5-u0.7-m1-p1-f1.npy
feature/467-RISCY-a-1-c5-u0.85-m3-p4-f1.npy,label/467-RISCY-a-1-c5-u0.85-m3-p4-f1.npy
feature/810-RISCY-a-2-c2-u0.8-m2-p5-f0.npy,label/810-RISCY-a-2-c2-u0.8-m2-p5-f0.npy
feature/780-RISCY-a-2-c2-u0.75-m2-p5-f0.npy,label/780-RISCY-a-2-c2-u0.75-m2-p5-f0.npy
feature/90-RISCY-a-1-c2-u0.85-m1-p1-f0.npy,label/90-RISCY-a-1-c2-u0.85-m1-p1-f0.npy
feature/441-RISCY-a-1-c5-u0.8-m3-p2-f1.npy,label/441-RISCY-a-1-c5-u0.8-m3-p2-f1.npy
feature/936-RISCY-a-2-c2-u0.9-m1-p1-f1.npy,label/936-RISCY-a-2-c2-u0.9-m1-p1-f1.npy
feature/359-RISCY-a-1-c5-u0.85-m2-p8-f0.npy,label/359-RISCY-a-1-c5-u0.85-m2-p8-f0.npy
feature/121-RISCY-a-1-c2-u0.9-m1-p2-f0.npy,label/121-RISCY-a-1-c2-u0.9-m1-p2-f0.npy
feature/452-RISCY-a-1-c5-u0.85-m1-p5-f1.npy,label/452-RISCY-a-1-c5-u0.85-m1-p5-f1.npy
feature/758-RISCY-a-2-c2-u0.7-m3-p8-f0.npy,label/758-RISCY-a-2-c2-u0.7-m3-p8-f0.npy
feature/114-RISCY-a-1-c2-u0.85-m4-p3-f0.npy,label/114-RISCY-a-1-c2-u0.85-m4-p3-f0.npy
feature/427-RISCY-a-1-c5-u0.8-m1-p4-f1.npy,label/427-RISCY-a-1-c5-u0.8-m1-p4-f1.npy
feature/603-RISCY-a-1-c20-u0.85-m3-p3-f0.npy,label/603-RISCY-a-1-c20-u0.85-m3-p3-f0.npy
feature/901-RISCY-a-2-c2-u0.8-m2-p6-f1.npy,label/901-RISCY-a-2-c2-u0.8-m2-p6-f1.npy
feature/203-RISCY-a-1-c2-u0.85-m1-p4-f1.npy,label/203-RISCY-a-1-c2-u0.85-m1-p4-f1.npy
feature/288-RISCY-a-1-c5-u0.75-m2-p1-f0.npy,label/288-RISCY-a-1-c5-u0.75-m2-p1-f0.npy
feature/911-RISCY-a-2-c2-u0.8-m3-p8-f1.npy,label/911-RISCY-a-2-c2-u0.8-m3-p8-f1.npy
feature/300-RISCY-a-1-c5-u0.75-m3-p5-f0.npy,label/300-RISCY-a-1-c5-u0.75-m3-p5-f0.npy
feature/439-RISCY-a-1-c5-u0.8-m2-p8-f1.npy,label/439-RISCY-a-1-c5-u0.8-m2-p8-f1.npy
feature/484-RISCY-a-1-c5-u0.9-m2-p5-f1.npy,label/484-RISCY-a-1-c5-u0.9-m2-p5-f1.npy
feature/759-RISCY-a-2-c2-u0.7-m4-p1-f0.npy,label/759-RISCY-a-2-c2-u0.7-m4-p1-f0.npy
feature/176-RISCY-a-1-c2-u0.8-m1-p1-f1.npy,label/176-RISCY-a-1-c2-u0.8-m1-p1-f1.npy
feature/889-RISCY-a-2-c2-u0.8-m1-p2-f1.npy,label/889-RISCY-a-2-c2-u0.8-m1-p2-f1.npy
feature/711-RISCY-a-1-c20-u0.85-m3-p3-f1.npy,label/711-RISCY-a-1-c20-u0.85-m3-p3-f1.npy
feature/449-RISCY-a-1-c5-u0.85-m1-p2-f1.npy,label/449-RISCY-a-1-c5-u0.85-m1-p2-f1.npy
feature/700-RISCY-a-1-c20-u0.85-m1-p8-f1.npy,label/700-RISCY-a-1-c20-u0.85-m1-p8-f1.npy
feature/977-RISCY-a-2-c5-u0.7-m3-p1-f0.npy,label/977-RISCY-a-2-c5-u0.7-m3-p1-f0.npy
feature/54-RISCY-a-1-c2-u0.75-m4-p3-f0.npy,label/54-RISCY-a-1-c2-u0.75-m4-p3-f0.npy
feature/79-RISCY-a-1-c2-u0.8-m3-p6-f0.npy,label/79-RISCY-a-1-c2-u0.8-m3-p6-f0.npy
feature/857-RISCY-a-2-c2-u0.7-m3-p2-f1.npy,label/857-RISCY-a-2-c2-u0.7-m3-p2-f1.npy
feature/713-RISCY-a-1-c20-u0.85-m3-p5-f1.npy,label/713-RISCY-a-1-c20-u0.85-m3-p5-f1.npy
feature/795-RISCY-a-2-c2-u0.75-m4-p4-f0.npy,label/795-RISCY-a-2-c2-u0.75-m4-p4-f0.npy
feature/868-RISCY-a-2-c2-u0.75-m1-p5-f1.npy,label/868-RISCY-a-2-c2-u0.75-m1-p5-f1.npy
feature/520-RISCY-a-1-c20-u0.7-m4-p5-f0.npy,label/520-RISCY-a-1-c20-u0.7-m4-p5-f0.npy
feature/957-RISCY-a-2-c2-u0.9-m3-p7-f1.npy,label/957-RISCY-a-2-c2-u0.9-m3-p7-f1.npy
feature/276-RISCY-a-1-c5-u0.7-m4-p5-f0.npy,label/276-RISCY-a-1-c5-u0.7-m4-p5-f0.npy
feature/433-RISCY-a-1-c5-u0.8-m2-p2-f1.npy,label/433-RISCY-a-1-c5-u0.8-m2-p2-f1.npy
feature/763-RISCY-a-2-c2-u0.7-m4-p5-f0.npy,label/763-RISCY-a-2-c2-u0.7-m4-p5-f0.npy
feature/660-RISCY-a-1-c20-u0.75-m2-p8-f1.npy,label/660-RISCY-a-1-c20-u0.75-m2-p8-f1.npy
feature/945-RISCY-a-2-c2-u0.9-m2-p3-f1.npy,label/945-RISCY-a-2-c2-u0.9-m2-p3-f1.npy
feature/786-RISCY-a-2-c2-u0.75-m3-p3-f0.npy,label/786-RISCY-a-2-c2-u0.75-m3-p3-f0.npy
feature/49-RISCY-a-1-c2-u0.75-m3-p6-f0.npy,label/49-RISCY-a-1-c2-u0.75-m3-p6-f0.npy
feature/489-RISCY-a-1-c5-u0.9-m3-p4-f1.npy,label/489-RISCY-a-1-c5-u0.9-m3-p4-f1.npy
feature/806-RISCY-a-2-c2-u0.8-m1-p8-f0.npy,label/806-RISCY-a-2-c2-u0.8-m1-p8-f0.npy
feature/386-RISCY-a-1-c5-u0.7-m2-p3-f1.npy,label/386-RISCY-a-1-c5-u0.7-m2-p3-f1.npy
feature/167-RISCY-a-1-c2-u0.75-m2-p8-f1.npy,label/167-RISCY-a-1-c2-u0.75-m2-p8-f1.npy
feature/255-RISCY-a-1-c5-u0.7-m1-p8-f0.npy,label/255-RISCY-a-1-c5-u0.7-m1-p8-f0.npy
feature/739-RISCY-a-2-c2-u0.7-m1-p3-f0.npy,label/739-RISCY-a-2-c2-u0.7-m1-p3-f0.npy
feature/84-RISCY-a-1-c2-u0.8-m4-p3-f0.npy,label/84-RISCY-a-1-c2-u0.8-m4-p3-f0.npy
feature/966-RISCY-a-2-c5-u0.7-m1-p8-f0.npy,label/966-RISCY-a-2-c5-u0.7-m1-p8-f0.npy
feature/596-RISCY-a-1-c20-u0.85-m2-p4-f0.npy,label/596-RISCY-a-1-c20-u0.85-m2-p4-f0.npy
feature/172-RISCY-a-1-c2-u0.75-m3-p5-f1.npy,label/172-RISCY-a-1-c2-u0.75-m3-p5-f1.npy
feature/259-RISCY-a-1-c5-u0.7-m2-p4-f0.npy,label/259-RISCY-a-1-c5-u0.7-m2-p4-f0.npy
feature/74-RISCY-a-1-c2-u0.8-m2-p7-f0.npy,label/74-RISCY-a-1-c2-u0.8-m2-p7-f0.npy
feature/535-RISCY-a-1-c20-u0.75-m2-p4-f0.npy,label/535-RISCY-a-1-c20-u0.75-m2-p4-f0.npy
feature/216-RISCY-a-1-c2-u0.85-m3-p1-f1.npy,label/216-RISCY-a-1-c2-u0.85-m3-p1-f1.npy
feature/318-RISCY-a-1-c5-u0.8-m1-p7-f0.npy,label/318-RISCY-a-1-c5-u0.8-m1-p7-f0.npy
feature/160-RISCY-a-1-c2-u0.75-m2-p1-f1.npy,label/160-RISCY-a-1-c2-u0.75-m2-p1-f1.npy
feature/751-RISCY-a-2-c2-u0.7-m3-p1-f0.npy,label/751-RISCY-a-2-c2-u0.7-m3-p1-f0.npy
feature/716-RISCY-a-1-c20-u0.85-m3-p8-f1.npy,label/716-RISCY-a-1-c20-u0.85-m3-p8-f1.npy
feature/165-RISCY-a-1-c2-u0.75-m2-p6-f1.npy,label/165-RISCY-a-1-c2-u0.75-m2-p6-f1.npy
feature/800-RISCY-a-2-c2-u0.8-m1-p1-f0.npy,label/800-RISCY-a-2-c2-u0.8-m1-p1-f0.npy
feature/671-RISCY-a-1-c20-u0.8-m1-p3-f1.npy,label/671-RISCY-a-1-c20-u0.8-m1-p3-f1.npy
feature/262-RISCY-a-1-c5-u0.7-m2-p7-f0.npy,label/262-RISCY-a-1-c5-u0.7-m2-p7-f0.npy
feature/664-RISCY-a-1-c20-u0.75-m3-p4-f1.npy,label/664-RISCY-a-1-c20-u0.75-m3-p4-f1.npy
feature/582-RISCY-a-1-c20-u0.8-m4-p6-f0.npy,label/582-RISCY-a-1-c20-u0.8-m4-p6-f0.npy
feature/620-RISCY-a-1-c20-u0.9-m1-p7-f0.npy,label/620-RISCY-a-1-c20-u0.9-m1-p7-f0.npy
feature/107-RISCY-a-1-c2-u0.85-m3-p4-f0.npy,label/107-RISCY-a-1-c2-u0.85-m3-p4-f0.npy
feature/173-RISCY-a-1-c2-u0.75-m3-p6-f1.npy,label/173-RISCY-a-1-c2-u0.75-m3-p6-f1.npy
feature/978-RISCY-a-2-c5-u0.7-m3-p4-f0.npy,label/978-RISCY-a-2-c5-u0.7-m3-p4-f0.npy
feature/583-RISCY-a-1-c20-u0.8-m4-p7-f0.npy,label/583-RISCY-a-1-c20-u0.8-m4-p7-f0.npy
feature/202-RISCY-a-1-c2-u0.85-m1-p3-f1.npy,label/202-RISCY-a-1-c2-u0.85-m1-p3-f1.npy
feature/943-RISCY-a-2-c2-u0.9-m2-p1-f1.npy,label/943-RISCY-a-2-c2-u0.9-m2-p1-f1.npy
feature/663-RISCY-a-1-c20-u0.75-m3-p3-f1.npy,label/663-RISCY-a-1-c20-u0.75-m3-p3-f1.npy
feature/685-RISCY-a-1-c20-u0.8-m3-p1-f1.npy,label/685-RISCY-a-1-c20-u0.8-m3-p1-f1.npy
feature/302-RISCY-a-1-c5-u0.75-m3-p7-f0.npy,label/302-RISCY-a-1-c5-u0.75-m3-p7-f0.npy
feature/515-RISCY-a-1-c20-u0.7-m3-p7-f0.npy,label/515-RISCY-a-1-c20-u0.7-m3-p7-f0.npy
feature/576-RISCY-a-1-c20-u0.8-m3-p7-f0.npy,label/576-RISCY-a-1-c20-u0.8-m3-p7-f0.npy
feature/258-RISCY-a-1-c5-u0.7-m2-p3-f0.npy,label/258-RISCY-a-1-c5-u0.7-m2-p3-f0.npy
feature/827-RISCY-a-2-c2-u0.85-m1-p1-f0.npy,label/827-RISCY-a-2-c2-u0.85-m1-p1-f0.npy
feature/450-RISCY-a-1-c5-u0.85-m1-p3-f1.npy,label/450-RISCY-a-1-c5-u0.85-m1-p3-f1.npy
feature/808-RISCY-a-2-c2-u0.8-m2-p3-f0.npy,label/808-RISCY-a-2-c2-u0.8-m2-p3-f0.npy
feature/33-RISCY-a-1-c2-u0.75-m1-p4-f0.npy,label/33-RISCY-a-1-c2-u0.75-m1-p4-f0.npy
feature/251-RISCY-a-1-c5-u0.7-m1-p4-f0.npy,label/251-RISCY-a-1-c5-u0.7-m1-p4-f0.npy
feature/469-RISCY-a-1-c5-u0.85-m3-p6-f1.npy,label/469-RISCY-a-1-c5-u0.85-m3-p6-f1.npy
feature/996-RISCY-a-2-c5-u0.75-m1-p5-f0.npy,label/996-RISCY-a-2-c5-u0.75-m1-p5-f0.npy
feature/850-RISCY-a-2-c2-u0.7-m2-p3-f1.npy,label/850-RISCY-a-2-c2-u0.7-m2-p3-f1.npy
feature/428-RISCY-a-1-c5-u0.8-m1-p5-f1.npy,label/428-RISCY-a-1-c5-u0.8-m1-p5-f1.npy
feature/863-RISCY-a-2-c2-u0.7-m3-p8-f1.npy,label/863-RISCY-a-2-c2-u0.7-m3-p8-f1.npy
feature/174-RISCY-a-1-c2-u0.75-m3-p7-f1.npy,label/174-RISCY-a-1-c2-u0.75-m3-p7-f1.npy
feature/676-RISCY-a-1-c20-u0.8-m1-p8-f1.npy,label/676-RISCY-a-1-c20-u0.8-m1-p8-f1.npy
feature/375-RISCY-a-1-c5-u0.9-m1-p8-f0.npy,label/375-RISCY-a-1-c5-u0.9-m1-p8-f0.npy
feature/579-RISCY-a-1-c20-u0.8-m4-p2-f0.npy,label/579-RISCY-a-1-c20-u0.8-m4-p2-f0.npy
feature/298-RISCY-a-1-c5-u0.75-m3-p3-f0.npy,label/298-RISCY-a-1-c5-u0.75-m3-p3-f0.npy
feature/446-RISCY-a-1-c5-u0.8-m3-p7-f1.npy,label/446-RISCY-a-1-c5-u0.8-m3-p7-f1.npy
feature/706-RISCY-a-1-c20-u0.85-m2-p6-f1.npy,label/706-RISCY-a-1-c20-u0.85-m2-p6-f1.npy
feature/907-RISCY-a-2-c2-u0.8-m3-p4-f1.npy,label/907-RISCY-a-2-c2-u0.8-m3-p4-f1.npy
feature/960-RISCY-a-2-c5-u0.7-m1-p2-f0.npy,label/960-RISCY-a-2-c5-u0.7-m1-p2-f0.npy
feature/643-RISCY-a-1-c20-u0.7-m3-p6-f1.npy,label/643-RISCY-a-1-c20-u0.7-m3-p6-f1.npy
feature/157-RISCY-a-1-c2-u0.75-m1-p6-f1.npy,label/157-RISCY-a-1-c2-u0.75-m1-p6-f1.npy
feature/925-RISCY-a-2-c2-u0.85-m2-p6-f1.npy,label/925-RISCY-a-2-c2-u0.85-m2-p6-f1.npy
feature/358-RISCY-a-1-c5-u0.85-m2-p7-f0.npy,label/358-RISCY-a-1-c5-u0.85-m2-p7-f0.npy
feature/973-RISCY-a-2-c5-u0.7-m2-p6-f0.npy,label/973-RISCY-a-2-c5-u0.7-m2-p6-f0.npy
feature/531-RISCY-a-1-c20-u0.75-m1-p8-f0.npy,label/531-RISCY-a-1-c20-u0.75-m1-p8-f0.npy
feature/337-RISCY-a-1-c5-u0.8-m4-p2-f0.npy,label/337-RISCY-a-1-c5-u0.8-m4-p2-f0.npy
feature/563-RISCY-a-1-c20-u0.8-m2-p1-f0.npy,label/563-RISCY-a-1-c20-u0.8-m2-p1-f0.npy
feature/634-RISCY-a-1-c20-u0.7-m2-p5-f1.npy,label/634-RISCY-a-1-c20-u0.7-m2-p5-f1.npy
feature/600-RISCY-a-1-c20-u0.85-m2-p8-f0.npy,label/600-RISCY-a-1-c20-u0.85-m2-p8-f0.npy
feature/395-RISCY-a-1-c5-u0.7-m3-p4-f1.npy,label/395-RISCY-a-1-c5-u0.7-m3-p4-f1.npy
feature/56-RISCY-a-1-c2-u0.75-m4-p5-f0.npy,label/56-RISCY-a-1-c2-u0.75-m4-p5-f0.npy
feature/998-RISCY-a-2-c5-u0.75-m1-p7-f0.npy,label/998-RISCY-a-2-c5-u0.75-m1-p7-f0.npy
feature/649-RISCY-a-1-c20-u0.75-m1-p4-f1.npy,label/649-RISCY-a-1-c20-u0.75-m1-p4-f1.npy
feature/870-RISCY-a-2-c2-u0.75-m1-p7-f1.npy,label/870-RISCY-a-2-c2-u0.75-m1-p7-f1.npy
feature/430-RISCY-a-1-c5-u0.8-m1-p7-f1.npy,label/430-RISCY-a-1-c5-u0.8-m1-p7-f1.npy
feature/224-RISCY-a-1-c2-u0.9-m1-p1-f1.npy,label/224-RISCY-a-1-c2-u0.9-m1-p1-f1.npy
feature/941-RISCY-a-2-c2-u0.9-m1-p6-f1.npy,label/941-RISCY-a-2-c2-u0.9-m1-p6-f1.npy
feature/961-RISCY-a-2-c5-u0.7-m1-p3-f0.npy,label/961-RISCY-a-2-c5-u0.7-m1-p3-f0.npy
feature/150-RISCY-a-1-c2-u0.7-m3-p7-f1.npy,label/150-RISCY-a-1-c2-u0.7-m3-p7-f1.npy
feature/543-RISCY-a-1-c20-u0.75-m3-p5-f0.npy,label/543-RISCY-a-1-c20-u0.75-m3-p5-f0.npy
feature/495-RISCY-a-1-c20-u0.7-m1-p3-f0.npy,label/495-RISCY-a-1-c20-u0.7-m1-p3-f0.npy
feature/488-RISCY-a-1-c5-u0.9-m3-p3-f1.npy,label/488-RISCY-a-1-c5-u0.9-m3-p3-f1.npy
feature/501-RISCY-a-1-c20-u0.7-m2-p1-f0.npy,label/501-RISCY-a-1-c20-u0.7-m2-p1-f0.npy
feature/371-RISCY-a-1-c5-u0.9-m1-p4-f0.npy,label/371-RISCY-a-1-c5-u0.9-m1-p4-f0.npy
feature/512-RISCY-a-1-c20-u0.7-m3-p4-f0.npy,label/512-RISCY-a-1-c20-u0.7-m3-p4-f0.npy
feature/746-RISCY-a-2-c2-u0.7-m2-p2-f0.npy,label/746-RISCY-a-2-c2-u0.7-m2-p2-f0.npy
feature/517-RISCY-a-1-c20-u0.7-m4-p2-f0.npy,label/517-RISCY-a-1-c20-u0.7-m4-p2-f0.npy
feature/605-RISCY-a-1-c20-u0.85-m3-p5-f0.npy,label/605-RISCY-a-1-c20-u0.85-m3-p5-f0.npy
feature/137-RISCY-a-1-c2-u0.7-m2-p2-f1.npy,label/137-RISCY-a-1-c2-u0.7-m2-p2-f1.npy
feature/472-RISCY-a-1-c5-u0.9-m1-p1-f1.npy,label/472-RISCY-a-1-c5-u0.9-m1-p1-f1.npy
feature/80-RISCY-a-1-c2-u0.8-m3-p7-f0.npy,label/80-RISCY-a-1-c2-u0.8-m3-p7-f0.npy
feature/532-RISCY-a-1-c20-u0.75-m2-p1-f0.npy,label/532-RISCY-a-1-c20-u0.75-m2-p1-f0.npy
feature/523-RISCY-a-1-c20-u0.7-m4-p8-f0.npy,label/523-RISCY-a-1-c20-u0.7-m4-p8-f0.npy
feature/112-RISCY-a-1-c2-u0.85-m4-p1-f0.npy,label/112-RISCY-a-1-c2-u0.85-m4-p1-f0.npy
feature/892-RISCY-a-2-c2-u0.8-m1-p5-f1.npy,label/892-RISCY-a-2-c2-u0.8-m1-p5-f1.npy
feature/704-RISCY-a-1-c20-u0.85-m2-p4-f1.npy,label/704-RISCY-a-1-c20-u0.85-m2-p4-f1.npy
feature/714-RISCY-a-1-c20-u0.85-m3-p6-f1.npy,label/714-RISCY-a-1-c20-u0.85-m3-p6-f1.npy
feature/580-RISCY-a-1-c20-u0.8-m4-p3-f0.npy,label/580-RISCY-a-1-c20-u0.8-m4-p3-f0.npy
feature/839-RISCY-a-2-c2-u0.85-m4-p8-f0.npy,label/839-RISCY-a-2-c2-u0.85-m4-p8-f0.npy
feature/737-RISCY-a-1-c20-u0.9-m3-p7-f1.npy,label/737-RISCY-a-1-c20-u0.9-m3-p7-f1.npy
feature/710-RISCY-a-1-c20-u0.85-m3-p2-f1.npy,label/710-RISCY-a-1-c20-u0.85-m3-p2-f1.npy
feature/31-RISCY-a-1-c2-u0.75-m1-p2-f0.npy,label/31-RISCY-a-1-c2-u0.75-m1-p2-f0.npy
feature/1-RISCY-a-1-c2-u0.7-m1-p1-f0.npy,label/1-RISCY-a-1-c2-u0.7-m1-p1-f0.npy
feature/871-RISCY-a-2-c2-u0.75-m1-p8-f1.npy,label/871-RISCY-a-2-c2-u0.75-m1-p8-f1.npy
feature/232-RISCY-a-1-c2-u0.9-m2-p1-f1.npy,label/232-RISCY-a-1-c2-u0.9-m2-p1-f1.npy
feature/935-RISCY-a-2-c2-u0.85-m3-p8-f1.npy,label/935-RISCY-a-2-c2-u0.85-m3-p8-f1.npy
feature/963-RISCY-a-2-c5-u0.7-m1-p5-f0.npy,label/963-RISCY-a-2-c5-u0.7-m1-p5-f0.npy
feature/291-RISCY-a-1-c5-u0.75-m2-p4-f0.npy,label/291-RISCY-a-1-c5-u0.75-m2-p4-f0.npy
feature/179-RISCY-a-1-c2-u0.8-m1-p4-f1.npy,label/179-RISCY-a-1-c2-u0.8-m1-p4-f1.npy
feature/191-RISCY-a-1-c2-u0.8-m2-p8-f1.npy,label/191-RISCY-a-1-c2-u0.8-m2-p8-f1.npy
feature/420-RISCY-a-1-c5-u0.75-m3-p5-f1.npy,label/420-RISCY-a-1-c5-u0.75-m3-p5-f1.npy
feature/400-RISCY-a-1-c5-u0.75-m1-p1-f1.npy,label/400-RISCY-a-1-c5-u0.75-m1-p1-f1.npy
feature/361-RISCY-a-1-c5-u0.85-m4-p2-f0.npy,label/361-RISCY-a-1-c5-u0.85-m4-p2-f0.npy
feature/913-RISCY-a-2-c2-u0.85-m1-p2-f1.npy,label/913-RISCY-a-2-c2-u0.85-m1-p2-f1.npy
feature/616-RISCY-a-1-c20-u0.85-m4-p8-f0.npy,label/616-RISCY-a-1-c20-u0.85-m4-p8-f0.npy
feature/411-RISCY-a-1-c5-u0.75-m2-p4-f1.npy,label/411-RISCY-a-1-c5-u0.75-m2-p4-f1.npy
feature/118-RISCY-a-1-c2-u0.85-m4-p7-f0.npy,label/118-RISCY-a-1-c2-u0.85-m4-p7-f0.npy
feature/314-RISCY-a-1-c5-u0.8-m1-p3-f0.npy,label/314-RISCY-a-1-c5-u0.8-m1-p3-f0.npy
feature/862-RISCY-a-2-c2-u0.7-m3-p7-f1.npy,label/862-RISCY-a-2-c2-u0.7-m3-p7-f1.npy
feature/655-RISCY-a-1-c20-u0.75-m2-p2-f1.npy,label/655-RISCY-a-1-c20-u0.75-m2-p2-f1.npy
feature/225-RISCY-a-1-c2-u0.9-m1-p2-f1.npy,label/225-RISCY-a-1-c2-u0.9-m1-p2-f1.npy
feature/163-RISCY-a-1-c2-u0.75-m2-p4-f1.npy,label/163-RISCY-a-1-c2-u0.75-m2-p4-f1.npy
feature/7-RISCY-a-1-c2-u0.7-m1-p7-f0.npy,label/7-RISCY-a-1-c2-u0.7-m1-p7-f0.npy
feature/85-RISCY-a-1-c2-u0.8-m4-p4-f0.npy,label/85-RISCY-a-1-c2-u0.8-m4-p4-f0.npy
feature/123-RISCY-a-1-c2-u0.9-m1-p4-f0.npy,label/123-RISCY-a-1-c2-u0.9-m1-p4-f0.npy
feature/807-RISCY-a-2-c2-u0.8-m2-p2-f0.npy,label/807-RISCY-a-2-c2-u0.8-m2-p2-f0.npy
feature/546-RISCY-a-1-c20-u0.75-m3-p8-f0.npy,label/546-RISCY-a-1-c20-u0.75-m3-p8-f0.npy
feature/367-RISCY-a-1-c5-u0.85-m4-p8-f0.npy,label/367-RISCY-a-1-c5-u0.85-m4-p8-f0.npy
feature/268-RISCY-a-1-c5-u0.7-m3-p5-f0.npy,label/268-RISCY-a-1-c5-u0.7-m3-p5-f0.npy
feature/834-RISCY-a-2-c2-u0.85-m4-p3-f0.npy,label/834-RISCY-a-2-c2-u0.85-m4-p3-f0.npy
feature/860-RISCY-a-2-c2-u0.7-m3-p5-f1.npy,label/860-RISCY-a-2-c2-u0.7-m3-p5-f1.npy
feature/841-RISCY-a-2-c2-u0.7-m1-p2-f1.npy,label/841-RISCY-a-2-c2-u0.7-m1-p2-f1.npy
feature/504-RISCY-a-1-c20-u0.7-m2-p4-f0.npy,label/504-RISCY-a-1-c20-u0.7-m2-p4-f0.npy
feature/604-RISCY-a-1-c20-u0.85-m3-p4-f0.npy,label/604-RISCY-a-1-c20-u0.85-m3-p4-f0.npy
feature/569-RISCY-a-1-c20-u0.8-m2-p7-f0.npy,label/569-RISCY-a-1-c20-u0.8-m2-p7-f0.npy
feature/564-RISCY-a-1-c20-u0.8-m2-p2-f0.npy,label/564-RISCY-a-1-c20-u0.8-m2-p2-f0.npy
feature/241-RISCY-a-1-c2-u0.9-m3-p2-f1.npy,label/241-RISCY-a-1-c2-u0.9-m3-p2-f1.npy
feature/305-RISCY-a-1-c5-u0.75-m4-p2-f0.npy,label/305-RISCY-a-1-c5-u0.75-m4-p2-f0.npy
feature/958-RISCY-a-2-c2-u0.9-m3-p8-f1.npy,label/958-RISCY-a-2-c2-u0.9-m3-p8-f1.npy
feature/629-RISCY-a-1-c20-u0.7-m1-p8-f1.npy,label/629-RISCY-a-1-c20-u0.7-m1-p8-f1.npy
feature/888-RISCY-a-2-c2-u0.8-m1-p1-f1.npy,label/888-RISCY-a-2-c2-u0.8-m1-p1-f1.npy
feature/119-RISCY-a-1-c2-u0.85-m4-p8-f0.npy,label/119-RISCY-a-1-c2-u0.85-m4-p8-f0.npy
feature/931-RISCY-a-2-c2-u0.85-m3-p4-f1.npy,label/931-RISCY-a-2-c2-u0.85-m3-p4-f1.npy
feature/458-RISCY-a-1-c5-u0.85-m2-p3-f1.npy,label/458-RISCY-a-1-c5-u0.85-m2-p3-f1.npy
feature/881-RISCY-a-2-c2-u0.75-m3-p2-f1.npy,label/881-RISCY-a-2-c2-u0.75-m3-p2-f1.npy
feature/852-RISCY-a-2-c2-u0.7-m2-p5-f1.npy,label/852-RISCY-a-2-c2-u0.7-m2-p5-f1.npy
feature/94-RISCY-a-1-c2-u0.85-m1-p5-f0.npy,label/94-RISCY-a-1-c2-u0.85-m1-p5-f0.npy
feature/912-RISCY-a-2-c2-u0.85-m1-p1-f1.npy,label/912-RISCY-a-2-c2-u0.85-m1-p1-f1.npy
feature/413-RISCY-a-1-c5-u0.75-m2-p6-f1.npy,label/413-RISCY-a-1-c5-u0.75-m2-p6-f1.npy
feature/819-RISCY-a-2-c2-u0.8-m4-p1-f0.npy,label/819-RISCY-a-2-c2-u0.8-m4-p1-f0.npy
feature/108-RISCY-a-1-c2-u0.85-m3-p5-f0.npy,label/108-RISCY-a-1-c2-u0.85-m3-p5-f0.npy
feature/946-RISCY-a-2-c2-u0.9-m2-p4-f1.npy,label/946-RISCY-a-2-c2-u0.9-m2-p4-f1.npy
feature/99-RISCY-a-1-c2-u0.85-m2-p2-f0.npy,label/99-RISCY-a-1-c2-u0.85-m2-p2-f0.npy
feature/612-RISCY-a-1-c20-u0.85-m4-p4-f0.npy,label/612-RISCY-a-1-c20-u0.85-m4-p4-f0.npy
feature/829-RISCY-a-2-c2-u0.85-m1-p6-f0.npy,label/829-RISCY-a-2-c2-u0.85-m1-p6-f0.npy
feature/824-RISCY-a-2-c2-u0.8-m4-p6-f0.npy,label/824-RISCY-a-2-c2-u0.8-m4-p6-f0.npy
feature/528-RISCY-a-1-c20-u0.75-m1-p5-f0.npy,label/528-RISCY-a-1-c20-u0.75-m1-p5-f0.npy
feature/39-RISCY-a-1-c2-u0.75-m2-p2-f0.npy,label/39-RISCY-a-1-c2-u0.75-m2-p2-f0.npy
feature/281-RISCY-a-1-c5-u0.75-m1-p2-f0.npy,label/281-RISCY-a-1-c5-u0.75-m1-p2-f0.npy
feature/621-RISCY-a-1-c20-u0.9-m1-p8-f0.npy,label/621-RISCY-a-1-c20-u0.9-m1-p8-f0.npy
feature/874-RISCY-a-2-c2-u0.75-m2-p3-f1.npy,label/874-RISCY-a-2-c2-u0.75-m2-p3-f1.npy
feature/185-RISCY-a-1-c2-u0.8-m2-p2-f1.npy,label/185-RISCY-a-1-c2-u0.8-m2-p2-f1.npy
feature/27-RISCY-a-1-c2-u0.7-m4-p6-f0.npy,label/27-RISCY-a-1-c2-u0.7-m4-p6-f0.npy
feature/575-RISCY-a-1-c20-u0.8-m3-p6-f0.npy,label/575-RISCY-a-1-c20-u0.8-m3-p6-f0.npy
feature/389-RISCY-a-1-c5-u0.7-m2-p6-f1.npy,label/389-RISCY-a-1-c5-u0.7-m2-p6-f1.npy
feature/654-RISCY-a-1-c20-u0.75-m2-p1-f1.npy,label/654-RISCY-a-1-c20-u0.75-m2-p1-f1.npy
feature/51-RISCY-a-1-c2-u0.75-m3-p8-f0.npy,label/51-RISCY-a-1-c2-u0.75-m3-p8-f0.npy
feature/738-RISCY-a-2-c2-u0.7-m1-p2-f0.npy,label/738-RISCY-a-2-c2-u0.7-m1-p2-f0.npy
feature/962-RISCY-a-2-c5-u0.7-m1-p4-f0.npy,label/962-RISCY-a-2-c5-u0.7-m1-p4-f0.npy
feature/906-RISCY-a-2-c2-u0.8-m3-p3-f1.npy,label/906-RISCY-a-2-c2-u0.8-m3-p3-f1.npy
feature/412-RISCY-a-1-c5-u0.75-m2-p5-f1.npy,label/412-RISCY-a-1-c5-u0.75-m2-p5-f1.npy
feature/821-RISCY-a-2-c2-u0.8-m4-p3-f0.npy,label/821-RISCY-a-2-c2-u0.8-m4-p3-f0.npy
feature/47-RISCY-a-1-c2-u0.75-m3-p4-f0.npy,label/47-RISCY-a-1-c2-u0.75-m3-p4-f0.npy
feature/677-RISCY-a-1-c20-u0.8-m2-p1-f1.npy,label/677-RISCY-a-1-c20-u0.8-m2-p1-f1.npy
feature/684-RISCY-a-1-c20-u0.8-m2-p8-f1.npy,label/684-RISCY-a-1-c20-u0.8-m2-p8-f1.npy
feature/744-RISCY-a-2-c2-u0.7-m1-p8-f0.npy,label/744-RISCY-a-2-c2-u0.7-m1-p8-f0.npy
feature/766-RISCY-a-2-c2-u0.7-m4-p8-f0.npy,label/766-RISCY-a-2-c2-u0.7-m4-p8-f0.npy
feature/399-RISCY-a-1-c5-u0.7-m3-p8-f1.npy,label/399-RISCY-a-1-c5-u0.7-m3-p8-f1.npy
feature/478-RISCY-a-1-c5-u0.9-m1-p7-f1.npy,label/478-RISCY-a-1-c5-u0.9-m1-p7-f1.npy
feature/622-RISCY-a-1-c20-u0.7-m1-p1-f1.npy,label/622-RISCY-a-1-c20-u0.7-m1-p1-f1.npy
feature/640-RISCY-a-1-c20-u0.7-m3-p3-f1.npy,label/640-RISCY-a-1-c20-u0.7-m3-p3-f1.npy
feature/253-RISCY-a-1-c5-u0.7-m1-p6-f0.npy,label/253-RISCY-a-1-c5-u0.7-m1-p6-f0.npy
feature/459-RISCY-a-1-c5-u0.85-m2-p4-f1.npy,label/459-RISCY-a-1-c5-u0.85-m2-p4-f1.npy
feature/218-RISCY-a-1-c2-u0.85-m3-p3-f1.npy,label/218-RISCY-a-1-c2-u0.85-m3-p3-f1.npy
feature/336-RISCY-a-1-c5-u0.8-m4-p1-f0.npy,label/336-RISCY-a-1-c5-u0.8-m4-p1-f0.npy
feature/283-RISCY-a-1-c5-u0.75-m1-p4-f0.npy,label/283-RISCY-a-1-c5-u0.75-m1-p4-f0.npy
feature/557-RISCY-a-1-c20-u0.8-m1-p3-f0.npy,label/557-RISCY-a-1-c20-u0.8-m1-p3-f0.npy
feature/388-RISCY-a-1-c5-u0.7-m2-p5-f1.npy,label/388-RISCY-a-1-c5-u0.7-m2-p5-f1.npy
feature/34-RISCY-a-1-c2-u0.75-m1-p5-f0.npy,label/34-RISCY-a-1-c2-u0.75-m1-p5-f0.npy
feature/830-RISCY-a-2-c2-u0.85-m1-p7-f0.npy,label/830-RISCY-a-2-c2-u0.85-m1-p7-f0.npy
feature/981-RISCY-a-2-c5-u0.7-m3-p7-f0.npy,label/981-RISCY-a-2-c5-u0.7-m3-p7-f0.npy
feature/322-RISCY-a-1-c5-u0.8-m2-p3-f0.npy,label/322-RISCY-a-1-c5-u0.8-m2-p3-f0.npy
feature/623-RISCY-a-1-c20-u0.7-m1-p2-f1.npy,label/623-RISCY-a-1-c20-u0.7-m1-p2-f1.npy
feature/326-RISCY-a-1-c5-u0.8-m2-p7-f0.npy,label/326-RISCY-a-1-c5-u0.8-m2-p7-f0.npy
feature/37-RISCY-a-1-c2-u0.75-m1-p8-f0.npy,label/37-RISCY-a-1-c2-u0.75-m1-p8-f0.npy
feature/842-RISCY-a-2-c2-u0.7-m1-p3-f1.npy,label/842-RISCY-a-2-c2-u0.7-m1-p3-f1.npy
feature/820-RISCY-a-2-c2-u0.8-m4-p2-f0.npy,label/820-RISCY-a-2-c2-u0.8-m4-p2-f0.npy
feature/926-RISCY-a-2-c2-u0.85-m2-p7-f1.npy,label/926-RISCY-a-2-c2-u0.85-m2-p7-f1.npy
feature/873-RISCY-a-2-c2-u0.75-m2-p2-f1.npy,label/873-RISCY-a-2-c2-u0.75-m2-p2-f1.npy
feature/5-RISCY-a-1-c2-u0.7-m1-p5-f0.npy,label/5-RISCY-a-1-c2-u0.7-m1-p5-f0.npy
feature/3-RISCY-a-1-c2-u0.7-m1-p3-f0.npy,label/3-RISCY-a-1-c2-u0.7-m1-p3-f0.npy
feature/720-RISCY-a-1-c20-u0.9-m1-p4-f1.npy,label/720-RISCY-a-1-c20-u0.9-m1-p4-f1.npy
feature/505-RISCY-a-1-c20-u0.7-m2-p5-f0.npy,label/505-RISCY-a-1-c20-u0.7-m2-p5-f0.npy
feature/64-RISCY-a-1-c2-u0.8-m1-p5-f0.npy,label/64-RISCY-a-1-c2-u0.8-m1-p5-f0.npy
feature/938-RISCY-a-2-c2-u0.9-m1-p3-f1.npy,label/938-RISCY-a-2-c2-u0.9-m1-p3-f1.npy
feature/297-RISCY-a-1-c5-u0.75-m3-p2-f0.npy,label/297-RISCY-a-1-c5-u0.75-m3-p2-f0.npy
feature/726-RISCY-a-1-c20-u0.9-m2-p3-f1.npy,label/726-RISCY-a-1-c20-u0.9-m2-p3-f1.npy
feature/128-RISCY-a-1-c2-u0.7-m1-p1-f1.npy,label/128-RISCY-a-1-c2-u0.7-m1-p1-f1.npy
feature/242-RISCY-a-1-c2-u0.9-m3-p3-f1.npy,label/242-RISCY-a-1-c2-u0.9-m3-p3-f1.npy
feature/550-RISCY-a-1-c20-u0.75-m4-p4-f0.npy,label/550-RISCY-a-1-c20-u0.75-m4-p4-f0.npy
feature/661-RISCY-a-1-c20-u0.75-m3-p1-f1.npy,label/661-RISCY-a-1-c20-u0.75-m3-p1-f1.npy
feature/405-RISCY-a-1-c5-u0.75-m1-p6-f1.npy,label/405-RISCY-a-1-c5-u0.75-m1-p6-f1.npy
feature/668-RISCY-a-1-c20-u0.75-m3-p8-f1.npy,label/668-RISCY-a-1-c20-u0.75-m3-p8-f1.npy
feature/825-RISCY-a-2-c2-u0.8-m4-p7-f0.npy,label/825-RISCY-a-2-c2-u0.8-m4-p7-f0.npy
feature/53-RISCY-a-1-c2-u0.75-m4-p2-f0.npy,label/53-RISCY-a-1-c2-u0.75-m4-p2-f0.npy
feature/519-RISCY-a-1-c20-u0.7-m4-p4-f0.npy,label/519-RISCY-a-1-c20-u0.7-m4-p4-f0.npy
feature/707-RISCY-a-1-c20-u0.85-m2-p7-f1.npy,label/707-RISCY-a-1-c20-u0.85-m2-p7-f1.npy
feature/102-RISCY-a-1-c2-u0.85-m2-p5-f0.npy,label/102-RISCY-a-1-c2-u0.85-m2-p5-f0.npy
feature/513-RISCY-a-1-c20-u0.7-m3-p5-f0.npy,label/513-RISCY-a-1-c20-u0.7-m3-p5-f0.npy
feature/510-RISCY-a-1-c20-u0.7-m3-p2-f0.npy,label/510-RISCY-a-1-c20-u0.7-m3-p2-f0.npy
feature/625-RISCY-a-1-c20-u0.7-m1-p4-f1.npy,label/625-RISCY-a-1-c20-u0.7-m1-p4-f1.npy
feature/20-RISCY-a-1-c2-u0.7-m3-p7-f0.npy,label/20-RISCY-a-1-c2-u0.7-m3-p7-f0.npy
feature/581-RISCY-a-1-c20-u0.8-m4-p5-f0.npy,label/581-RISCY-a-1-c20-u0.8-m4-p5-f0.npy
feature/799-RISCY-a-2-c2-u0.75-m4-p8-f0.npy,label/799-RISCY-a-2-c2-u0.75-m4-p8-f0.npy
feature/618-RISCY-a-1-c20-u0.9-m1-p2-f0.npy,label/618-RISCY-a-1-c20-u0.9-m1-p2-f0.npy
feature/272-RISCY-a-1-c5-u0.7-m4-p1-f0.npy,label/272-RISCY-a-1-c5-u0.7-m4-p1-f0.npy
feature/378-RISCY-a-1-c5-u0.7-m1-p3-f1.npy,label/378-RISCY-a-1-c5-u0.7-m1-p3-f1.npy
feature/723-RISCY-a-1-c20-u0.9-m1-p7-f1.npy,label/723-RISCY-a-1-c20-u0.9-m1-p7-f1.npy
feature/14-RISCY-a-1-c2-u0.7-m2-p7-f0.npy,label/14-RISCY-a-1-c2-u0.7-m2-p7-f0.npy
feature/803-RISCY-a-2-c2-u0.8-m1-p4-f0.npy,label/803-RISCY-a-2-c2-u0.8-m1-p4-f0.npy
feature/104-RISCY-a-1-c2-u0.85-m2-p7-f0.npy,label/104-RISCY-a-1-c2-u0.85-m2-p7-f0.npy
feature/65-RISCY-a-1-c2-u0.8-m1-p6-f0.npy,label/65-RISCY-a-1-c2-u0.8-m1-p6-f0.npy
feature/544-RISCY-a-1-c20-u0.75-m3-p6-f0.npy,label/544-RISCY-a-1-c20-u0.75-m3-p6-f0.npy
feature/63-RISCY-a-1-c2-u0.8-m1-p4-f0.npy,label/63-RISCY-a-1-c2-u0.8-m1-p4-f0.npy
feature/638-RISCY-a-1-c20-u0.7-m3-p1-f1.npy,label/638-RISCY-a-1-c20-u0.7-m3-p1-f1.npy
feature/250-RISCY-a-1-c5-u0.7-m1-p3-f0.npy,label/250-RISCY-a-1-c5-u0.7-m1-p3-f0.npy
feature/782-RISCY-a-2-c2-u0.75-m2-p7-f0.npy,label/782-RISCY-a-2-c2-u0.75-m2-p7-f0.npy
feature/233-RISCY-a-1-c2-u0.9-m2-p2-f1.npy,label/233-RISCY-a-1-c2-u0.9-m2-p2-f1.npy
feature/9-RISCY-a-1-c2-u0.7-m2-p1-f0.npy,label/9-RISCY-a-1-c2-u0.7-m2-p1-f0.npy
feature/492-RISCY-a-1-c5-u0.9-m3-p8-f1.npy,label/492-RISCY-a-1-c5-u0.9-m3-p8-f1.npy
feature/208-RISCY-a-1-c2-u0.85-m2-p1-f1.npy,label/208-RISCY-a-1-c2-u0.85-m2-p1-f1.npy
feature/792-RISCY-a-2-c2-u0.75-m4-p1-f0.npy,label/792-RISCY-a-2-c2-u0.75-m4-p1-f0.npy
feature/833-RISCY-a-2-c2-u0.85-m4-p2-f0.npy,label/833-RISCY-a-2-c2-u0.85-m4-p2-f0.npy
feature/653-RISCY-a-1-c20-u0.75-m1-p8-f1.npy,label/653-RISCY-a-1-c20-u0.75-m1-p8-f1.npy
feature/320-RISCY-a-1-c5-u0.8-m2-p1-f0.npy,label/320-RISCY-a-1-c5-u0.8-m2-p1-f0.npy
feature/607-RISCY-a-1-c20-u0.85-m3-p7-f0.npy,label/607-RISCY-a-1-c20-u0.85-m3-p7-f0.npy
feature/695-RISCY-a-1-c20-u0.85-m1-p3-f1.npy,label/695-RISCY-a-1-c20-u0.85-m1-p3-f1.npy
feature/571-RISCY-a-1-c20-u0.8-m3-p2-f0.npy,label/571-RISCY-a-1-c20-u0.8-m3-p2-f0.npy
feature/434-RISCY-a-1-c5-u0.8-m2-p3-f1.npy,label/434-RISCY-a-1-c5-u0.8-m2-p3-f1.npy
feature/486-RISCY-a-1-c5-u0.9-m2-p7-f1.npy,label/486-RISCY-a-1-c5-u0.9-m2-p7-f1.npy
feature/854-RISCY-a-2-c2-u0.7-m2-p7-f1.npy,label/854-RISCY-a-2-c2-u0.7-m2-p7-f1.npy
feature/155-RISCY-a-1-c2-u0.75-m1-p4-f1.npy,label/155-RISCY-a-1-c2-u0.75-m1-p4-f1.npy
feature/542-RISCY-a-1-c20-u0.75-m3-p4-f0.npy,label/542-RISCY-a-1-c20-u0.75-m3-p4-f0.npy
feature/426-RISCY-a-1-c5-u0.8-m1-p3-f1.npy,label/426-RISCY-a-1-c5-u0.8-m1-p3-f1.npy
feature/836-RISCY-a-2-c2-u0.85-m4-p5-f0.npy,label/836-RISCY-a-2-c2-u0.85-m4-p5-f0.npy
feature/282-RISCY-a-1-c5-u0.75-m1-p3-f0.npy,label/282-RISCY-a-1-c5-u0.75-m1-p3-f0.npy
feature/628-RISCY-a-1-c20-u0.7-m1-p7-f1.npy,label/628-RISCY-a-1-c20-u0.7-m1-p7-f1.npy
feature/502-RISCY-a-1-c20-u0.7-m2-p2-f0.npy,label/502-RISCY-a-1-c20-u0.7-m2-p2-f0.npy
feature/24-RISCY-a-1-c2-u0.7-m4-p3-f0.npy,label/24-RISCY-a-1-c2-u0.7-m4-p3-f0.npy
feature/113-RISCY-a-1-c2-u0.85-m4-p2-f0.npy,label/113-RISCY-a-1-c2-u0.85-m4-p2-f0.npy
feature/951-RISCY-a-2-c2-u0.9-m3-p1-f1.npy,label/951-RISCY-a-2-c2-u0.9-m3-p1-f1.npy
feature/681-RISCY-a-1-c20-u0.8-m2-p5-f1.npy,label/681-RISCY-a-1-c20-u0.8-m2-p5-f1.npy
feature/198-RISCY-a-1-c2-u0.8-m3-p7-f1.npy,label/198-RISCY-a-1-c2-u0.8-m3-p7-f1.npy
feature/398-RISCY-a-1-c5-u0.7-m3-p7-f1.npy,label/398-RISCY-a-1-c5-u0.7-m3-p7-f1.npy
feature/822-RISCY-a-2-c2-u0.8-m4-p4-f0.npy,label/822-RISCY-a-2-c2-u0.8-m4-p4-f0.npy
feature/679-RISCY-a-1-c20-u0.8-m2-p3-f1.npy,label/679-RISCY-a-1-c20-u0.8-m2-p3-f1.npy
feature/240-RISCY-a-1-c2-u0.9-m3-p1-f1.npy,label/240-RISCY-a-1-c2-u0.9-m3-p1-f1.npy
feature/606-RISCY-a-1-c20-u0.85-m3-p6-f0.npy,label/606-RISCY-a-1-c20-u0.85-m3-p6-f0.npy
feature/470-RISCY-a-1-c5-u0.85-m3-p7-f1.npy,label/470-RISCY-a-1-c5-u0.85-m3-p7-f1.npy
feature/953-RISCY-a-2-c2-u0.9-m3-p3-f1.npy,label/953-RISCY-a-2-c2-u0.9-m3-p3-f1.npy
feature/832-RISCY-a-2-c2-u0.85-m4-p1-f0.npy,label/832-RISCY-a-2-c2-u0.85-m4-p1-f0.npy
feature/735-RISCY-a-1-c20-u0.9-m3-p5-f1.npy,label/735-RISCY-a-1-c20-u0.9-m3-p5-f1.npy
feature/814-RISCY-a-2-c2-u0.8-m3-p4-f0.npy,label/814-RISCY-a-2-c2-u0.8-m3-p4-f0.npy
feature/19-RISCY-a-1-c2-u0.7-m3-p6-f0.npy,label/19-RISCY-a-1-c2-u0.7-m3-p6-f0.npy
feature/577-RISCY-a-1-c20-u0.8-m3-p8-f0.npy,label/577-RISCY-a-1-c20-u0.8-m3-p8-f0.npy
feature/995-RISCY-a-2-c5-u0.75-m1-p4-f0.npy,label/995-RISCY-a-2-c5-u0.75-m1-p4-f0.npy
feature/295-RISCY-a-1-c5-u0.75-m2-p8-f0.npy,label/295-RISCY-a-1-c5-u0.75-m2-p8-f0.npy
feature/521-RISCY-a-1-c20-u0.7-m4-p6-f0.npy,label/521-RISCY-a-1-c20-u0.7-m4-p6-f0.npy
feature/972-RISCY-a-2-c5-u0.7-m2-p5-f0.npy,label/972-RISCY-a-2-c5-u0.7-m2-p5-f0.npy
feature/709-RISCY-a-1-c20-u0.85-m3-p1-f1.npy,label/709-RISCY-a-1-c20-u0.85-m3-p1-f1.npy
feature/813-RISCY-a-2-c2-u0.8-m3-p3-f0.npy,label/813-RISCY-a-2-c2-u0.8-m3-p3-f0.npy
feature/193-RISCY-a-1-c2-u0.8-m3-p2-f1.npy,label/193-RISCY-a-1-c2-u0.8-m3-p2-f1.npy
feature/631-RISCY-a-1-c20-u0.7-m2-p2-f1.npy,label/631-RISCY-a-1-c20-u0.7-m2-p2-f1.npy
feature/349-RISCY-a-1-c5-u0.85-m1-p6-f0.npy,label/349-RISCY-a-1-c5-u0.85-m1-p6-f0.npy
feature/573-RISCY-a-1-c20-u0.8-m3-p4-f0.npy,label/573-RISCY-a-1-c20-u0.8-m3-p4-f0.npy
feature/190-RISCY-a-1-c2-u0.8-m2-p7-f1.npy,label/190-RISCY-a-1-c2-u0.8-m2-p7-f1.npy
feature/476-RISCY-a-1-c5-u0.9-m1-p5-f1.npy,label/476-RISCY-a-1-c5-u0.9-m1-p5-f1.npy
feature/304-RISCY-a-1-c5-u0.75-m4-p1-f0.npy,label/304-RISCY-a-1-c5-u0.75-m4-p1-f0.npy
feature/377-RISCY-a-1-c5-u0.7-m1-p2-f1.npy,label/377-RISCY-a-1-c5-u0.7-m1-p2-f1.npy
feature/57-RISCY-a-1-c2-u0.75-m4-p6-f0.npy,label/57-RISCY-a-1-c2-u0.75-m4-p6-f0.npy
feature/696-RISCY-a-1-c20-u0.85-m1-p4-f1.npy,label/696-RISCY-a-1-c20-u0.85-m1-p4-f1.npy
feature/168-RISCY-a-1-c2-u0.75-m3-p1-f1.npy,label/168-RISCY-a-1-c2-u0.75-m3-p1-f1.npy
feature/686-RISCY-a-1-c20-u0.8-m3-p2-f1.npy,label/686-RISCY-a-1-c20-u0.8-m3-p2-f1.npy
feature/48-RISCY-a-1-c2-u0.75-m3-p5-f0.npy,label/48-RISCY-a-1-c2-u0.75-m3-p5-f0.npy
feature/296-RISCY-a-1-c5-u0.75-m3-p1-f0.npy,label/296-RISCY-a-1-c5-u0.75-m3-p1-f0.npy
feature/209-RISCY-a-1-c2-u0.85-m2-p2-f1.npy,label/209-RISCY-a-1-c2-u0.85-m2-p2-f1.npy
feature/372-RISCY-a-1-c5-u0.9-m1-p5-f0.npy,label/372-RISCY-a-1-c5-u0.9-m1-p5-f0.npy
feature/248-RISCY-a-1-c5-u0.7-m1-p1-f0.npy,label/248-RISCY-a-1-c5-u0.7-m1-p1-f0.npy
feature/736-RISCY-a-1-c20-u0.9-m3-p6-f1.npy,label/736-RISCY-a-1-c20-u0.9-m3-p6-f1.npy
feature/861-RISCY-a-2-c2-u0.7-m3-p6-f1.npy,label/861-RISCY-a-2-c2-u0.7-m3-p6-f1.npy
feature/984-RISCY-a-2-c5-u0.7-m4-p1-f0.npy,label/984-RISCY-a-2-c5-u0.7-m4-p1-f0.npy
feature/66-RISCY-a-1-c2-u0.8-m1-p7-f0.npy,label/66-RISCY-a-1-c2-u0.8-m1-p7-f0.npy
feature/757-RISCY-a-2-c2-u0.7-m3-p7-f0.npy,label/757-RISCY-a-2-c2-u0.7-m3-p7-f0.npy
feature/333-RISCY-a-1-c5-u0.8-m3-p6-f0.npy,label/333-RISCY-a-1-c5-u0.8-m3-p6-f0.npy
feature/330-RISCY-a-1-c5-u0.8-m3-p3-f0.npy,label/330-RISCY-a-1-c5-u0.8-m3-p3-f0.npy
feature/91-RISCY-a-1-c2-u0.85-m1-p2-f0.npy,label/91-RISCY-a-1-c2-u0.85-m1-p2-f0.npy
feature/733-RISCY-a-1-c20-u0.9-m3-p3-f1.npy,label/733-RISCY-a-1-c20-u0.9-m3-p3-f1.npy
feature/328-RISCY-a-1-c5-u0.8-m3-p1-f0.npy,label/328-RISCY-a-1-c5-u0.8-m3-p1-f0.npy
feature/106-RISCY-a-1-c2-u0.85-m3-p1-f0.npy,label/106-RISCY-a-1-c2-u0.85-m3-p1-f0.npy
feature/329-RISCY-a-1-c5-u0.8-m3-p2-f0.npy,label/329-RISCY-a-1-c5-u0.8-m3-p2-f0.npy
feature/126-RISCY-a-1-c2-u0.9-m1-p7-f0.npy,label/126-RISCY-a-1-c2-u0.9-m1-p7-f0.npy
feature/246-RISCY-a-1-c2-u0.9-m3-p7-f1.npy,label/246-RISCY-a-1-c2-u0.9-m3-p7-f1.npy
feature/773-RISCY-a-2-c2-u0.75-m1-p6-f0.npy,label/773-RISCY-a-2-c2-u0.75-m1-p6-f0.npy
feature/887-RISCY-a-2-c2-u0.75-m3-p8-f1.npy,label/887-RISCY-a-2-c2-u0.75-m3-p8-f1.npy
feature/175-RISCY-a-1-c2-u0.75-m3-p8-f1.npy,label/175-RISCY-a-1-c2-u0.75-m3-p8-f1.npy
feature/211-RISCY-a-1-c2-u0.85-m2-p4-f1.npy,label/211-RISCY-a-1-c2-u0.85-m2-p4-f1.npy
feature/32-RISCY-a-1-c2-u0.75-m1-p3-f0.npy,label/32-RISCY-a-1-c2-u0.75-m1-p3-f0.npy
feature/627-RISCY-a-1-c20-u0.7-m1-p6-f1.npy,label/627-RISCY-a-1-c20-u0.7-m1-p6-f1.npy
feature/154-RISCY-a-1-c2-u0.75-m1-p3-f1.npy,label/154-RISCY-a-1-c2-u0.75-m1-p3-f1.npy
feature/989-RISCY-a-2-c5-u0.7-m4-p6-f0.npy,label/989-RISCY-a-2-c5-u0.7-m4-p6-f0.npy
feature/351-RISCY-a-1-c5-u0.85-m1-p8-f0.npy,label/351-RISCY-a-1-c5-u0.85-m1-p8-f0.npy
feature/475-RISCY-a-1-c5-u0.9-m1-p4-f1.npy,label/475-RISCY-a-1-c5-u0.9-m1-p4-f1.npy
feature/589-RISCY-a-1-c20-u0.85-m1-p5-f0.npy,label/589-RISCY-a-1-c20-u0.85-m1-p5-f0.npy
feature/158-RISCY-a-1-c2-u0.75-m1-p7-f1.npy,label/158-RISCY-a-1-c2-u0.75-m1-p7-f1.npy
feature/443-RISCY-a-1-c5-u0.8-m3-p4-f1.npy,label/443-RISCY-a-1-c5-u0.8-m3-p4-f1.npy
feature/460-RISCY-a-1-c5-u0.85-m2-p5-f1.npy,label/460-RISCY-a-1-c5-u0.85-m2-p5-f1.npy
feature/214-RISCY-a-1-c2-u0.85-m2-p7-f1.npy,label/214-RISCY-a-1-c2-u0.85-m2-p7-f1.npy
feature/533-RISCY-a-1-c20-u0.75-m2-p2-f0.npy,label/533-RISCY-a-1-c20-u0.75-m2-p2-f0.npy
feature/425-RISCY-a-1-c5-u0.8-m1-p2-f1.npy,label/425-RISCY-a-1-c5-u0.8-m1-p2-f1.npy
feature/310-RISCY-a-1-c5-u0.75-m4-p7-f0.npy,label/310-RISCY-a-1-c5-u0.75-m4-p7-f0.npy
feature/419-RISCY-a-1-c5-u0.75-m3-p4-f1.npy,label/419-RISCY-a-1-c5-u0.75-m3-p4-f1.npy
feature/223-RISCY-a-1-c2-u0.85-m3-p8-f1.npy,label/223-RISCY-a-1-c2-u0.85-m3-p8-f1.npy
feature/748-RISCY-a-2-c2-u0.7-m2-p5-f0.npy,label/748-RISCY-a-2-c2-u0.7-m2-p5-f0.npy
feature/366-RISCY-a-1-c5-u0.85-m4-p7-f0.npy,label/366-RISCY-a-1-c5-u0.85-m4-p7-f0.npy
feature/646-RISCY-a-1-c20-u0.75-m1-p1-f1.npy,label/646-RISCY-a-1-c20-u0.75-m1-p1-f1.npy
feature/932-RISCY-a-2-c2-u0.85-m3-p5-f1.npy,label/932-RISCY-a-2-c2-u0.85-m3-p5-f1.npy
feature/562-RISCY-a-1-c20-u0.8-m1-p8-f0.npy,label/562-RISCY-a-1-c20-u0.8-m1-p8-f0.npy
feature/350-RISCY-a-1-c5-u0.85-m1-p7-f0.npy,label/350-RISCY-a-1-c5-u0.85-m1-p7-f0.npy
feature/406-RISCY-a-1-c5-u0.75-m1-p7-f1.npy,label/406-RISCY-a-1-c5-u0.75-m1-p7-f1.npy
feature/632-RISCY-a-1-c20-u0.7-m2-p3-f1.npy,label/632-RISCY-a-1-c20-u0.7-m2-p3-f1.npy
feature/423-RISCY-a-1-c5-u0.75-m3-p8-f1.npy,label/423-RISCY-a-1-c5-u0.75-m3-p8-f1.npy
feature/788-RISCY-a-2-c2-u0.75-m3-p5-f0.npy,label/788-RISCY-a-2-c2-u0.75-m3-p5-f0.npy
feature/779-RISCY-a-2-c2-u0.75-m2-p4-f0.npy,label/779-RISCY-a-2-c2-u0.75-m2-p4-f0.npy
feature/574-RISCY-a-1-c20-u0.8-m3-p5-f0.npy,label/574-RISCY-a-1-c20-u0.8-m3-p5-f0.npy
feature/496-RISCY-a-1-c20-u0.7-m1-p4-f0.npy,label/496-RISCY-a-1-c20-u0.7-m1-p4-f0.npy
feature/772-RISCY-a-2-c2-u0.75-m1-p5-f0.npy,label/772-RISCY-a-2-c2-u0.75-m1-p5-f0.npy
feature/277-RISCY-a-1-c5-u0.7-m4-p6-f0.npy,label/277-RISCY-a-1-c5-u0.7-m4-p6-f0.npy
feature/301-RISCY-a-1-c5-u0.75-m3-p6-f0.npy,label/301-RISCY-a-1-c5-u0.75-m3-p6-f0.npy
feature/424-RISCY-a-1-c5-u0.8-m1-p1-f1.npy,label/424-RISCY-a-1-c5-u0.8-m1-p1-f1.npy
feature/311-RISCY-a-1-c5-u0.75-m4-p8-f0.npy,label/311-RISCY-a-1-c5-u0.75-m4-p8-f0.npy
feature/293-RISCY-a-1-c5-u0.75-m2-p6-f0.npy,label/293-RISCY-a-1-c5-u0.75-m2-p6-f0.npy
feature/983-RISCY-a-2-c5-u0.7-m3-p8-f0.npy,label/983-RISCY-a-2-c5-u0.7-m3-p8-f0.npy
feature/815-RISCY-a-2-c2-u0.8-m3-p5-f0.npy,label/815-RISCY-a-2-c2-u0.8-m3-p5-f0.npy
feature/294-RISCY-a-1-c5-u0.75-m2-p7-f0.npy,label/294-RISCY-a-1-c5-u0.75-m2-p7-f0.npy
feature/965-RISCY-a-2-c5-u0.7-m1-p7-f0.npy,label/965-RISCY-a-2-c5-u0.7-m1-p7-f0.npy
feature/407-RISCY-a-1-c5-u0.75-m1-p8-f1.npy,label/407-RISCY-a-1-c5-u0.75-m1-p8-f1.npy
feature/549-RISCY-a-1-c20-u0.75-m4-p3-f0.npy,label/549-RISCY-a-1-c20-u0.75-m4-p3-f0.npy
feature/292-RISCY-a-1-c5-u0.75-m2-p5-f0.npy,label/292-RISCY-a-1-c5-u0.75-m2-p5-f0.npy
feature/391-RISCY-a-1-c5-u0.7-m2-p8-f1.npy,label/391-RISCY-a-1-c5-u0.7-m2-p8-f1.npy
feature/895-RISCY-a-2-c2-u0.8-m1-p8-f1.npy,label/895-RISCY-a-2-c2-u0.8-m1-p8-f1.npy
feature/506-RISCY-a-1-c20-u0.7-m2-p6-f0.npy,label/506-RISCY-a-1-c20-u0.7-m2-p6-f0.npy
feature/29-RISCY-a-1-c2-u0.7-m4-p8-f0.npy,label/29-RISCY-a-1-c2-u0.7-m4-p8-f0.npy
feature/6-RISCY-a-1-c2-u0.7-m1-p6-f0.npy,label/6-RISCY-a-1-c2-u0.7-m1-p6-f0.npy
feature/50-RISCY-a-1-c2-u0.75-m3-p7-f0.npy,label/50-RISCY-a-1-c2-u0.75-m3-p7-f0.npy
feature/778-RISCY-a-2-c2-u0.75-m2-p3-f0.npy,label/778-RISCY-a-2-c2-u0.75-m2-p3-f0.npy
feature/264-RISCY-a-1-c5-u0.7-m3-p1-f0.npy,label/264-RISCY-a-1-c5-u0.7-m3-p1-f0.npy
feature/151-RISCY-a-1-c2-u0.7-m3-p8-f1.npy,label/151-RISCY-a-1-c2-u0.7-m3-p8-f1.npy
feature/927-RISCY-a-2-c2-u0.85-m2-p8-f1.npy,label/927-RISCY-a-2-c2-u0.85-m2-p8-f1.npy
feature/509-RISCY-a-1-c20-u0.7-m3-p1-f0.npy,label/509-RISCY-a-1-c20-u0.7-m3-p1-f0.npy
feature/635-RISCY-a-1-c20-u0.7-m2-p6-f1.npy,label/635-RISCY-a-1-c20-u0.7-m2-p6-f1.npy
feature/559-RISCY-a-1-c20-u0.8-m1-p5-f0.npy,label/559-RISCY-a-1-c20-u0.8-m1-p5-f0.npy
feature/572-RISCY-a-1-c20-u0.8-m3-p3-f0.npy,label/572-RISCY-a-1-c20-u0.8-m3-p3-f0.npy
feature/645-RISCY-a-1-c20-u0.7-m3-p8-f1.npy,label/645-RISCY-a-1-c20-u0.7-m3-p8-f1.npy
feature/453-RISCY-a-1-c5-u0.85-m1-p6-f1.npy,label/453-RISCY-a-1-c5-u0.85-m1-p6-f1.npy
feature/462-RISCY-a-1-c5-u0.85-m2-p7-f1.npy,label/462-RISCY-a-1-c5-u0.85-m2-p7-f1.npy
feature/894-RISCY-a-2-c2-u0.8-m1-p7-f1.npy,label/894-RISCY-a-2-c2-u0.8-m1-p7-f1.npy
feature/28-RISCY-a-1-c2-u0.7-m4-p7-f0.npy,label/28-RISCY-a-1-c2-u0.7-m4-p7-f0.npy
feature/545-RISCY-a-1-c20-u0.75-m3-p7-f0.npy,label/545-RISCY-a-1-c20-u0.75-m3-p7-f0.npy
feature/116-RISCY-a-1-c2-u0.85-m4-p5-f0.npy,label/116-RISCY-a-1-c2-u0.85-m4-p5-f0.npy
feature/346-RISCY-a-1-c5-u0.85-m1-p3-f0.npy,label/346-RISCY-a-1-c5-u0.85-m1-p3-f0.npy
feature/831-RISCY-a-2-c2-u0.85-m1-p8-f0.npy,label/831-RISCY-a-2-c2-u0.85-m1-p8-f0.npy
feature/83-RISCY-a-1-c2-u0.8-m4-p2-f0.npy,label/83-RISCY-a-1-c2-u0.8-m4-p2-f0.npy
feature/206-RISCY-a-1-c2-u0.85-m1-p7-f1.npy,label/206-RISCY-a-1-c2-u0.85-m1-p7-f1.npy
feature/667-RISCY-a-1-c20-u0.75-m3-p7-f1.npy,label/667-RISCY-a-1-c20-u0.75-m3-p7-f1.npy
feature/724-RISCY-a-1-c20-u0.9-m2-p1-f1.npy,label/724-RISCY-a-1-c20-u0.9-m2-p1-f1.npy
feature/73-RISCY-a-1-c2-u0.8-m2-p6-f0.npy,label/73-RISCY-a-1-c2-u0.8-m2-p6-f0.npy
feature/694-RISCY-a-1-c20-u0.85-m1-p2-f1.npy,label/694-RISCY-a-1-c20-u0.85-m1-p2-f1.npy
feature/699-RISCY-a-1-c20-u0.85-m1-p7-f1.npy,label/699-RISCY-a-1-c20-u0.85-m1-p7-f1.npy
feature/934-RISCY-a-2-c2-u0.85-m3-p7-f1.npy,label/934-RISCY-a-2-c2-u0.85-m3-p7-f1.npy
feature/762-RISCY-a-2-c2-u0.7-m4-p4-f0.npy,label/762-RISCY-a-2-c2-u0.7-m4-p4-f0.npy
feature/974-RISCY-a-2-c5-u0.7-m2-p7-f0.npy,label/974-RISCY-a-2-c5-u0.7-m2-p7-f0.npy
feature/110-RISCY-a-1-c2-u0.85-m3-p7-f0.npy,label/110-RISCY-a-1-c2-u0.85-m3-p7-f0.npy
feature/82-RISCY-a-1-c2-u0.8-m4-p1-f0.npy,label/82-RISCY-a-1-c2-u0.8-m4-p1-f0.npy
feature/141-RISCY-a-1-c2-u0.7-m2-p6-f1.npy,label/141-RISCY-a-1-c2-u0.7-m2-p6-f1.npy
feature/593-RISCY-a-1-c20-u0.85-m2-p1-f0.npy,label/593-RISCY-a-1-c20-u0.85-m2-p1-f0.npy
feature/357-RISCY-a-1-c5-u0.85-m2-p6-f0.npy,label/357-RISCY-a-1-c5-u0.85-m2-p6-f0.npy
feature/527-RISCY-a-1-c20-u0.75-m1-p4-f0.npy,label/527-RISCY-a-1-c20-u0.75-m1-p4-f0.npy
feature/473-RISCY-a-1-c5-u0.9-m1-p2-f1.npy,label/473-RISCY-a-1-c5-u0.9-m1-p2-f1.npy
feature/170-RISCY-a-1-c2-u0.75-m3-p3-f1.npy,label/170-RISCY-a-1-c2-u0.75-m3-p3-f1.npy
feature/200-RISCY-a-1-c2-u0.85-m1-p1-f1.npy,label/200-RISCY-a-1-c2-u0.85-m1-p1-f1.npy
feature/719-RISCY-a-1-c20-u0.9-m1-p3-f1.npy,label/719-RISCY-a-1-c20-u0.9-m1-p3-f1.npy
feature/798-RISCY-a-2-c2-u0.75-m4-p7-f0.npy,label/798-RISCY-a-2-c2-u0.75-m4-p7-f0.npy
feature/540-RISCY-a-1-c20-u0.75-m3-p2-f0.npy,label/540-RISCY-a-1-c20-u0.75-m3-p2-f0.npy
feature/952-RISCY-a-2-c2-u0.9-m3-p2-f1.npy,label/952-RISCY-a-2-c2-u0.9-m3-p2-f1.npy
feature/968-RISCY-a-2-c5-u0.7-m2-p1-f0.npy,label/968-RISCY-a-2-c5-u0.7-m2-p1-f0.npy
feature/192-RISCY-a-1-c2-u0.8-m3-p1-f1.npy,label/192-RISCY-a-1-c2-u0.8-m3-p1-f1.npy
feature/790-RISCY-a-2-c2-u0.75-m3-p7-f0.npy,label/790-RISCY-a-2-c2-u0.75-m3-p7-f0.npy
feature/491-RISCY-a-1-c5-u0.9-m3-p7-f1.npy,label/491-RISCY-a-1-c5-u0.9-m3-p7-f1.npy
feature/217-RISCY-a-1-c2-u0.85-m3-p2-f1.npy,label/217-RISCY-a-1-c2-u0.85-m3-p2-f1.npy
feature/903-RISCY-a-2-c2-u0.8-m2-p8-f1.npy,label/903-RISCY-a-2-c2-u0.8-m2-p8-f1.npy
feature/986-RISCY-a-2-c5-u0.7-m4-p3-f0.npy,label/986-RISCY-a-2-c5-u0.7-m4-p3-f0.npy
feature/905-RISCY-a-2-c2-u0.8-m3-p2-f1.npy,label/905-RISCY-a-2-c2-u0.8-m3-p2-f1.npy
feature/740-RISCY-a-2-c2-u0.7-m1-p4-f0.npy,label/740-RISCY-a-2-c2-u0.7-m1-p4-f0.npy
feature/431-RISCY-a-1-c5-u0.8-m1-p8-f1.npy,label/431-RISCY-a-1-c5-u0.8-m1-p8-f1.npy
feature/445-RISCY-a-1-c5-u0.8-m3-p6-f1.npy,label/445-RISCY-a-1-c5-u0.8-m3-p6-f1.npy
feature/897-RISCY-a-2-c2-u0.8-m2-p2-f1.npy,label/897-RISCY-a-2-c2-u0.8-m2-p2-f1.npy
feature/70-RISCY-a-1-c2-u0.8-m2-p3-f0.npy,label/70-RISCY-a-1-c2-u0.8-m2-p3-f0.npy
feature/237-RISCY-a-1-c2-u0.9-m2-p6-f1.npy,label/237-RISCY-a-1-c2-u0.9-m2-p6-f1.npy
feature/614-RISCY-a-1-c20-u0.85-m4-p6-f0.npy,label/614-RISCY-a-1-c20-u0.85-m4-p6-f0.npy
feature/21-RISCY-a-1-c2-u0.7-m3-p8-f0.npy,label/21-RISCY-a-1-c2-u0.7-m3-p8-f0.npy
feature/156-RISCY-a-1-c2-u0.75-m1-p5-f1.npy,label/156-RISCY-a-1-c2-u0.75-m1-p5-f1.npy
feature/804-RISCY-a-2-c2-u0.8-m1-p5-f0.npy,label/804-RISCY-a-2-c2-u0.8-m1-p5-f0.npy
feature/644-RISCY-a-1-c20-u0.7-m3-p7-f1.npy,label/644-RISCY-a-1-c20-u0.7-m3-p7-f1.npy
feature/885-RISCY-a-2-c2-u0.75-m3-p6-f1.npy,label/885-RISCY-a-2-c2-u0.75-m3-p6-f1.npy
feature/999-RISCY-a-2-c5-u0.75-m1-p8-f0.npy,label/999-RISCY-a-2-c5-u0.75-m1-p8-f0.npy
feature/169-RISCY-a-1-c2-u0.75-m3-p2-f1.npy,label/169-RISCY-a-1-c2-u0.75-m3-p2-f1.npy
feature/921-RISCY-a-2-c2-u0.85-m2-p2-f1.npy,label/921-RISCY-a-2-c2-u0.85-m2-p2-f1.npy
feature/384-RISCY-a-1-c5-u0.7-m2-p1-f1.npy,label/384-RISCY-a-1-c5-u0.7-m2-p1-f1.npy
feature/516-RISCY-a-1-c20-u0.7-m4-p1-f0.npy,label/516-RISCY-a-1-c20-u0.7-m4-p1-f0.npy
feature/539-RISCY-a-1-c20-u0.75-m3-p1-f0.npy,label/539-RISCY-a-1-c20-u0.75-m3-p1-f0.npy
feature/480-RISCY-a-1-c5-u0.9-m2-p1-f1.npy,label/480-RISCY-a-1-c5-u0.9-m2-p1-f1.npy
feature/809-RISCY-a-2-c2-u0.8-m2-p4-f0.npy,label/809-RISCY-a-2-c2-u0.8-m2-p4-f0.npy
feature/494-RISCY-a-1-c20-u0.7-m1-p2-f0.npy,label/494-RISCY-a-1-c20-u0.7-m1-p2-f0.npy
feature/343-RISCY-a-1-c5-u0.8-m4-p8-f0.npy,label/343-RISCY-a-1-c5-u0.8-m4-p8-f0.npy
feature/142-RISCY-a-1-c2-u0.7-m2-p7-f1.npy,label/142-RISCY-a-1-c2-u0.7-m2-p7-f1.npy
feature/95-RISCY-a-1-c2-u0.85-m1-p6-f0.npy,label/95-RISCY-a-1-c2-u0.85-m1-p6-f0.npy
feature/923-RISCY-a-2-c2-u0.85-m2-p4-f1.npy,label/923-RISCY-a-2-c2-u0.85-m2-p4-f1.npy
feature/658-RISCY-a-1-c20-u0.75-m2-p6-f1.npy,label/658-RISCY-a-1-c20-u0.75-m2-p6-f1.npy
feature/666-RISCY-a-1-c20-u0.75-m3-p6-f1.npy,label/666-RISCY-a-1-c20-u0.75-m3-p6-f1.npy
feature/601-RISCY-a-1-c20-u0.85-m3-p1-f0.npy,label/601-RISCY-a-1-c20-u0.85-m3-p1-f0.npy
feature/468-RISCY-a-1-c5-u0.85-m3-p5-f1.npy,label/468-RISCY-a-1-c5-u0.85-m3-p5-f1.npy
feature/164-RISCY-a-1-c2-u0.75-m2-p5-f1.npy,label/164-RISCY-a-1-c2-u0.75-m2-p5-f1.npy
feature/840-RISCY-a-2-c2-u0.7-m1-p1-f1.npy,label/840-RISCY-a-2-c2-u0.7-m1-p1-f1.npy
feature/188-RISCY-a-1-c2-u0.8-m2-p5-f1.npy,label/188-RISCY-a-1-c2-u0.8-m2-p5-f1.npy
feature/12-RISCY-a-1-c2-u0.7-m2-p5-f0.npy,label/12-RISCY-a-1-c2-u0.7-m2-p5-f0.npy
feature/59-RISCY-a-1-c2-u0.75-m4-p8-f0.npy,label/59-RISCY-a-1-c2-u0.75-m4-p8-f0.npy
feature/908-RISCY-a-2-c2-u0.8-m3-p5-f1.npy,label/908-RISCY-a-2-c2-u0.8-m3-p5-f1.npy
feature/944-RISCY-a-2-c2-u0.9-m2-p2-f1.npy,label/944-RISCY-a-2-c2-u0.9-m2-p2-f1.npy
feature/437-RISCY-a-1-c5-u0.8-m2-p6-f1.npy,label/437-RISCY-a-1-c5-u0.8-m2-p6-f1.npy
feature/530-RISCY-a-1-c20-u0.75-m1-p7-f0.npy,label/530-RISCY-a-1-c20-u0.75-m1-p7-f0.npy
feature/761-RISCY-a-2-c2-u0.7-m4-p3-f0.npy,label/761-RISCY-a-2-c2-u0.7-m4-p3-f0.npy
feature/404-RISCY-a-1-c5-u0.75-m1-p5-f1.npy,label/404-RISCY-a-1-c5-u0.75-m1-p5-f1.npy
feature/624-RISCY-a-1-c20-u0.7-m1-p3-f1.npy,label/624-RISCY-a-1-c20-u0.7-m1-p3-f1.npy
feature/721-RISCY-a-1-c20-u0.9-m1-p5-f1.npy,label/721-RISCY-a-1-c20-u0.9-m1-p5-f1.npy
feature/770-RISCY-a-2-c2-u0.75-m1-p3-f0.npy,label/770-RISCY-a-2-c2-u0.75-m1-p3-f0.npy
feature/693-RISCY-a-1-c20-u0.85-m1-p1-f1.npy,label/693-RISCY-a-1-c20-u0.85-m1-p1-f1.npy
feature/261-RISCY-a-1-c5-u0.7-m2-p6-f0.npy,label/261-RISCY-a-1-c5-u0.7-m2-p6-f0.npy
feature/45-RISCY-a-1-c2-u0.75-m2-p8-f0.npy,label/45-RISCY-a-1-c2-u0.75-m2-p8-f0.npy
feature/397-RISCY-a-1-c5-u0.7-m3-p6-f1.npy,label/397-RISCY-a-1-c5-u0.7-m3-p6-f1.npy
feature/764-RISCY-a-2-c2-u0.7-m4-p6-f0.npy,label/764-RISCY-a-2-c2-u0.7-m4-p6-f0.npy
feature/25-RISCY-a-1-c2-u0.7-m4-p4-f0.npy,label/25-RISCY-a-1-c2-u0.7-m4-p4-f0.npy
feature/553-RISCY-a-1-c20-u0.75-m4-p7-f0.npy,label/553-RISCY-a-1-c20-u0.75-m4-p7-f0.npy
feature/919-RISCY-a-2-c2-u0.85-m1-p8-f1.npy,label/919-RISCY-a-2-c2-u0.85-m1-p8-f1.npy
feature/263-RISCY-a-1-c5-u0.7-m2-p8-f0.npy,label/263-RISCY-a-1-c5-u0.7-m2-p8-f0.npy
feature/68-RISCY-a-1-c2-u0.8-m2-p1-f0.npy,label/68-RISCY-a-1-c2-u0.8-m2-p1-f0.npy
feature/556-RISCY-a-1-c20-u0.8-m1-p2-f0.npy,label/556-RISCY-a-1-c20-u0.8-m1-p2-f0.npy
feature/396-RISCY-a-1-c5-u0.7-m3-p5-f1.npy,label/396-RISCY-a-1-c5-u0.7-m3-p5-f1.npy
feature/284-RISCY-a-1-c5-u0.75-m1-p5-f0.npy,label/284-RISCY-a-1-c5-u0.75-m1-p5-f0.npy
feature/464-RISCY-a-1-c5-u0.85-m3-p1-f1.npy,label/464-RISCY-a-1-c5-u0.85-m3-p1-f1.npy
feature/910-RISCY-a-2-c2-u0.8-m3-p7-f1.npy,label/910-RISCY-a-2-c2-u0.8-m3-p7-f1.npy
feature/219-RISCY-a-1-c2-u0.85-m3-p4-f1.npy,label/219-RISCY-a-1-c2-u0.85-m3-p4-f1.npy
feature/715-RISCY-a-1-c20-u0.85-m3-p7-f1.npy,label/715-RISCY-a-1-c20-u0.85-m3-p7-f1.npy
feature/896-RISCY-a-2-c2-u0.8-m2-p1-f1.npy,label/896-RISCY-a-2-c2-u0.8-m2-p1-f1.npy
feature/226-RISCY-a-1-c2-u0.9-m1-p3-f1.npy,label/226-RISCY-a-1-c2-u0.9-m1-p3-f1.npy
feature/309-RISCY-a-1-c5-u0.75-m4-p6-f0.npy,label/309-RISCY-a-1-c5-u0.75-m4-p6-f0.npy
feature/916-RISCY-a-2-c2-u0.85-m1-p5-f1.npy,label/916-RISCY-a-2-c2-u0.85-m1-p5-f1.npy
feature/886-RISCY-a-2-c2-u0.75-m3-p7-f1.npy,label/886-RISCY-a-2-c2-u0.75-m3-p7-f1.npy
feature/877-RISCY-a-2-c2-u0.75-m2-p6-f1.npy,label/877-RISCY-a-2-c2-u0.75-m2-p6-f1.npy
feature/843-RISCY-a-2-c2-u0.7-m1-p4-f1.npy,label/843-RISCY-a-2-c2-u0.7-m1-p4-f1.npy
feature/392-RISCY-a-1-c5-u0.7-m3-p1-f1.npy,label/392-RISCY-a-1-c5-u0.7-m3-p1-f1.npy
feature/554-RISCY-a-1-c20-u0.75-m4-p8-f0.npy,label/554-RISCY-a-1-c20-u0.75-m4-p8-f0.npy
feature/341-RISCY-a-1-c5-u0.8-m4-p6-f0.npy,label/341-RISCY-a-1-c5-u0.8-m4-p6-f0.npy
feature/152-RISCY-a-1-c2-u0.75-m1-p1-f1.npy,label/152-RISCY-a-1-c2-u0.75-m1-p1-f1.npy
feature/230-RISCY-a-1-c2-u0.9-m1-p7-f1.npy,label/230-RISCY-a-1-c2-u0.9-m1-p7-f1.npy
feature/267-RISCY-a-1-c5-u0.7-m3-p4-f0.npy,label/267-RISCY-a-1-c5-u0.7-m3-p4-f0.npy
feature/139-RISCY-a-1-c2-u0.7-m2-p4-f1.npy,label/139-RISCY-a-1-c2-u0.7-m2-p4-f1.npy
feature/136-RISCY-a-1-c2-u0.7-m2-p1-f1.npy,label/136-RISCY-a-1-c2-u0.7-m2-p1-f1.npy
feature/436-RISCY-a-1-c5-u0.8-m2-p5-f1.npy,label/436-RISCY-a-1-c5-u0.8-m2-p5-f1.npy
feature/18-RISCY-a-1-c2-u0.7-m3-p5-f0.npy,label/18-RISCY-a-1-c2-u0.7-m3-p5-f0.npy
feature/239-RISCY-a-1-c2-u0.9-m2-p8-f1.npy,label/239-RISCY-a-1-c2-u0.9-m2-p8-f1.npy
feature/991-RISCY-a-2-c5-u0.7-m4-p8-f0.npy,label/991-RISCY-a-2-c5-u0.7-m4-p8-f0.npy
feature/753-RISCY-a-2-c2-u0.7-m3-p3-f0.npy,label/753-RISCY-a-2-c2-u0.7-m3-p3-f0.npy
feature/878-RISCY-a-2-c2-u0.75-m2-p7-f1.npy,label/878-RISCY-a-2-c2-u0.75-m2-p7-f1.npy
feature/902-RISCY-a-2-c2-u0.8-m2-p7-f1.npy,label/902-RISCY-a-2-c2-u0.8-m2-p7-f1.npy
feature/194-RISCY-a-1-c2-u0.8-m3-p3-f1.npy,label/194-RISCY-a-1-c2-u0.8-m3-p3-f1.npy
feature/402-RISCY-a-1-c5-u0.75-m1-p3-f1.npy,label/402-RISCY-a-1-c5-u0.75-m1-p3-f1.npy
feature/105-RISCY-a-1-c2-u0.85-m2-p8-f0.npy,label/105-RISCY-a-1-c2-u0.85-m2-p8-f0.npy
feature/100-RISCY-a-1-c2-u0.85-m2-p3-f0.npy,label/100-RISCY-a-1-c2-u0.85-m2-p3-f0.npy
feature/949-RISCY-a-2-c2-u0.9-m2-p7-f1.npy,label/949-RISCY-a-2-c2-u0.9-m2-p7-f1.npy
feature/72-RISCY-a-1-c2-u0.8-m2-p5-f0.npy,label/72-RISCY-a-1-c2-u0.8-m2-p5-f0.npy
feature/444-RISCY-a-1-c5-u0.8-m3-p5-f1.npy,label/444-RISCY-a-1-c5-u0.8-m3-p5-f1.npy
feature/236-RISCY-a-1-c2-u0.9-m2-p5-f1.npy,label/236-RISCY-a-1-c2-u0.9-m2-p5-f1.npy
feature/768-RISCY-a-2-c2-u0.75-m1-p2-f0.npy,label/768-RISCY-a-2-c2-u0.75-m1-p2-f0.npy
feature/898-RISCY-a-2-c2-u0.8-m2-p3-f1.npy,label/898-RISCY-a-2-c2-u0.8-m2-p3-f1.npy
feature/125-RISCY-a-1-c2-u0.9-m1-p6-f0.npy,label/125-RISCY-a-1-c2-u0.9-m1-p6-f0.npy
feature/278-RISCY-a-1-c5-u0.7-m4-p7-f0.npy,label/278-RISCY-a-1-c5-u0.7-m4-p7-f0.npy
feature/590-RISCY-a-1-c20-u0.85-m1-p6-f0.npy,label/590-RISCY-a-1-c20-u0.85-m1-p6-f0.npy
feature/702-RISCY-a-1-c20-u0.85-m2-p2-f1.npy,label/702-RISCY-a-1-c20-u0.85-m2-p2-f1.npy
feature/180-RISCY-a-1-c2-u0.8-m1-p5-f1.npy,label/180-RISCY-a-1-c2-u0.8-m1-p5-f1.npy
feature/334-RISCY-a-1-c5-u0.8-m3-p7-f0.npy,label/334-RISCY-a-1-c5-u0.8-m3-p7-f0.npy
feature/181-RISCY-a-1-c2-u0.8-m1-p6-f1.npy,label/181-RISCY-a-1-c2-u0.8-m1-p6-f1.npy
feature/732-RISCY-a-1-c20-u0.9-m3-p2-f1.npy,label/732-RISCY-a-1-c20-u0.9-m3-p2-f1.npy
feature/97-RISCY-a-1-c2-u0.85-m1-p8-f0.npy,label/97-RISCY-a-1-c2-u0.85-m1-p8-f0.npy
feature/722-RISCY-a-1-c20-u0.9-m1-p6-f1.npy,label/722-RISCY-a-1-c20-u0.9-m1-p6-f1.npy
feature/303-RISCY-a-1-c5-u0.75-m3-p8-f0.npy,label/303-RISCY-a-1-c5-u0.75-m3-p8-f0.npy
feature/308-RISCY-a-1-c5-u0.75-m4-p5-f0.npy,label/308-RISCY-a-1-c5-u0.75-m4-p5-f0.npy
feature/584-RISCY-a-1-c20-u0.8-m4-p8-f0.npy,label/584-RISCY-a-1-c20-u0.8-m4-p8-f0.npy
feature/729-RISCY-a-1-c20-u0.9-m2-p7-f1.npy,label/729-RISCY-a-1-c20-u0.9-m2-p7-f1.npy
feature/408-RISCY-a-1-c5-u0.75-m2-p1-f1.npy,label/408-RISCY-a-1-c5-u0.75-m2-p1-f1.npy
feature/675-RISCY-a-1-c20-u0.8-m1-p7-f1.npy,label/675-RISCY-a-1-c20-u0.8-m1-p7-f1.npy
feature/648-RISCY-a-1-c20-u0.75-m1-p3-f1.npy,label/648-RISCY-a-1-c20-u0.75-m1-p3-f1.npy
feature/690-RISCY-a-1-c20-u0.8-m3-p6-f1.npy,label/690-RISCY-a-1-c20-u0.8-m3-p6-f1.npy
feature/811-RISCY-a-2-c2-u0.8-m3-p1-f0.npy,label/811-RISCY-a-2-c2-u0.8-m3-p1-f0.npy
feature/17-RISCY-a-1-c2-u0.7-m3-p4-f0.npy,label/17-RISCY-a-1-c2-u0.7-m3-p4-f0.npy
feature/617-RISCY-a-1-c20-u0.9-m1-p1-f0.npy,label/617-RISCY-a-1-c20-u0.9-m1-p1-f0.npy
feature/712-RISCY-a-1-c20-u0.85-m3-p4-f1.npy,label/712-RISCY-a-1-c20-u0.85-m3-p4-f1.npy
feature/560-RISCY-a-1-c20-u0.8-m1-p6-f0.npy,label/560-RISCY-a-1-c20-u0.8-m1-p6-f0.npy
feature/611-RISCY-a-1-c20-u0.85-m4-p3-f0.npy,label/611-RISCY-a-1-c20-u0.85-m4-p3-f0.npy
feature/990-RISCY-a-2-c5-u0.7-m4-p7-f0.npy,label/990-RISCY-a-2-c5-u0.7-m4-p7-f0.npy
feature/368-RISCY-a-1-c5-u0.9-m1-p1-f0.npy,label/368-RISCY-a-1-c5-u0.9-m1-p1-f0.npy
feature/115-RISCY-a-1-c2-u0.85-m4-p4-f0.npy,label/115-RISCY-a-1-c2-u0.85-m4-p4-f0.npy
feature/353-RISCY-a-1-c5-u0.85-m2-p2-f0.npy,label/353-RISCY-a-1-c5-u0.85-m2-p2-f0.npy
feature/432-RISCY-a-1-c5-u0.8-m2-p1-f1.npy,label/432-RISCY-a-1-c5-u0.8-m2-p1-f1.npy
feature/791-RISCY-a-2-c2-u0.75-m3-p8-f0.npy,label/791-RISCY-a-2-c2-u0.75-m3-p8-f0.npy
feature/243-RISCY-a-1-c2-u0.9-m3-p4-f1.npy,label/243-RISCY-a-1-c2-u0.9-m3-p4-f1.npy
feature/381-RISCY-a-1-c5-u0.7-m1-p6-f1.npy,label/381-RISCY-a-1-c5-u0.7-m1-p6-f1.npy
feature/92-RISCY-a-1-c2-u0.85-m1-p3-f0.npy,label/92-RISCY-a-1-c2-u0.85-m1-p3-f0.npy
feature/651-RISCY-a-1-c20-u0.75-m1-p6-f1.npy,label/651-RISCY-a-1-c20-u0.75-m1-p6-f1.npy
feature/725-RISCY-a-1-c20-u0.9-m2-p2-f1.npy,label/725-RISCY-a-1-c20-u0.9-m2-p2-f1.npy
feature/749-RISCY-a-2-c2-u0.7-m2-p6-f0.npy,label/749-RISCY-a-2-c2-u0.7-m2-p6-f0.npy
feature/463-RISCY-a-1-c5-u0.85-m2-p8-f1.npy,label/463-RISCY-a-1-c5-u0.85-m2-p8-f1.npy
feature/742-RISCY-a-2-c2-u0.7-m1-p6-f0.npy,label/742-RISCY-a-2-c2-u0.7-m1-p6-f0.npy
feature/591-RISCY-a-1-c20-u0.85-m1-p7-f0.npy,label/591-RISCY-a-1-c20-u0.85-m1-p7-f0.npy
feature/662-RISCY-a-1-c20-u0.75-m3-p2-f1.npy,label/662-RISCY-a-1-c20-u0.75-m3-p2-f1.npy
feature/124-RISCY-a-1-c2-u0.9-m1-p5-f0.npy,label/124-RISCY-a-1-c2-u0.9-m1-p5-f0.npy
feature/249-RISCY-a-1-c5-u0.7-m1-p2-f0.npy,label/249-RISCY-a-1-c5-u0.7-m1-p2-f0.npy
feature/465-RISCY-a-1-c5-u0.85-m3-p2-f1.npy,label/465-RISCY-a-1-c5-u0.85-m3-p2-f1.npy
feature/801-RISCY-a-2-c2-u0.8-m1-p2-f0.npy,label/801-RISCY-a-2-c2-u0.8-m1-p2-f0.npy
feature/647-RISCY-a-1-c20-u0.75-m1-p2-f1.npy,label/647-RISCY-a-1-c20-u0.75-m1-p2-f1.npy
feature/797-RISCY-a-2-c2-u0.75-m4-p6-f0.npy,label/797-RISCY-a-2-c2-u0.75-m4-p6-f0.npy
feature/691-RISCY-a-1-c20-u0.8-m3-p7-f1.npy,label/691-RISCY-a-1-c20-u0.8-m3-p7-f1.npy
feature/429-RISCY-a-1-c5-u0.8-m1-p6-f1.npy,label/429-RISCY-a-1-c5-u0.8-m1-p6-f1.npy
feature/307-RISCY-a-1-c5-u0.75-m4-p4-f0.npy,label/307-RISCY-a-1-c5-u0.75-m4-p4-f0.npy
feature/678-RISCY-a-1-c20-u0.8-m2-p2-f1.npy,label/678-RISCY-a-1-c20-u0.8-m2-p2-f1.npy
feature/231-RISCY-a-1-c2-u0.9-m1-p8-f1.npy,label/231-RISCY-a-1-c2-u0.9-m1-p8-f1.npy
feature/805-RISCY-a-2-c2-u0.8-m1-p7-f0.npy,label/805-RISCY-a-2-c2-u0.8-m1-p7-f0.npy
feature/928-RISCY-a-2-c2-u0.85-m3-p1-f1.npy,label/928-RISCY-a-2-c2-u0.85-m3-p1-f1.npy
feature/776-RISCY-a-2-c2-u0.75-m2-p1-f0.npy,label/776-RISCY-a-2-c2-u0.75-m2-p1-f0.npy
feature/518-RISCY-a-1-c20-u0.7-m4-p3-f0.npy,label/518-RISCY-a-1-c20-u0.7-m4-p3-f0.npy
feature/959-RISCY-a-2-c5-u0.7-m1-p1-f0.npy,label/959-RISCY-a-2-c5-u0.7-m1-p1-f0.npy
feature/131-RISCY-a-1-c2-u0.7-m1-p4-f1.npy,label/131-RISCY-a-1-c2-u0.7-m1-p4-f1.npy
feature/40-RISCY-a-1-c2-u0.75-m2-p3-f0.npy,label/40-RISCY-a-1-c2-u0.75-m2-p3-f0.npy
feature/373-RISCY-a-1-c5-u0.9-m1-p6-f0.npy,label/373-RISCY-a-1-c5-u0.9-m1-p6-f0.npy
feature/148-RISCY-a-1-c2-u0.7-m3-p5-f1.npy,label/148-RISCY-a-1-c2-u0.7-m3-p5-f1.npy
feature/196-RISCY-a-1-c2-u0.8-m3-p5-f1.npy,label/196-RISCY-a-1-c2-u0.8-m3-p5-f1.npy
feature/207-RISCY-a-1-c2-u0.85-m1-p8-f1.npy,label/207-RISCY-a-1-c2-u0.85-m1-p8-f1.npy
feature/360-RISCY-a-1-c5-u0.85-m4-p1-f0.npy,label/360-RISCY-a-1-c5-u0.85-m4-p1-f0.npy
feature/650-RISCY-a-1-c20-u0.75-m1-p5-f1.npy,label/650-RISCY-a-1-c20-u0.75-m1-p5-f1.npy
feature/630-RISCY-a-1-c20-u0.7-m2-p1-f1.npy,label/630-RISCY-a-1-c20-u0.7-m2-p1-f1.npy
feature/672-RISCY-a-1-c20-u0.8-m1-p4-f1.npy,label/672-RISCY-a-1-c20-u0.8-m1-p4-f1.npy
feature/594-RISCY-a-1-c20-u0.85-m2-p2-f0.npy,label/594-RISCY-a-1-c20-u0.85-m2-p2-f0.npy
feature/454-RISCY-a-1-c5-u0.85-m1-p7-f1.npy,label/454-RISCY-a-1-c5-u0.85-m1-p7-f1.npy
feature/639-RISCY-a-1-c20-u0.7-m3-p2-f1.npy,label/639-RISCY-a-1-c20-u0.7-m3-p2-f1.npy
feature/55-RISCY-a-1-c2-u0.75-m4-p4-f0.npy,label/55-RISCY-a-1-c2-u0.75-m4-p4-f0.npy
feature/619-RISCY-a-1-c20-u0.9-m1-p6-f0.npy,label/619-RISCY-a-1-c20-u0.9-m1-p6-f0.npy
feature/993-RISCY-a-2-c5-u0.75-m1-p2-f0.npy,label/993-RISCY-a-2-c5-u0.75-m1-p2-f0.npy
feature/930-RISCY-a-2-c2-u0.85-m3-p3-f1.npy,label/930-RISCY-a-2-c2-u0.85-m3-p3-f1.npy
feature/592-RISCY-a-1-c20-u0.85-m1-p8-f0.npy,label/592-RISCY-a-1-c20-u0.85-m1-p8-f0.npy
feature/626-RISCY-a-1-c20-u0.7-m1-p5-f1.npy,label/626-RISCY-a-1-c20-u0.7-m1-p5-f1.npy
feature/93-RISCY-a-1-c2-u0.85-m1-p4-f0.npy,label/93-RISCY-a-1-c2-u0.85-m1-p4-f0.npy
feature/511-RISCY-a-1-c20-u0.7-m3-p3-f0.npy,label/511-RISCY-a-1-c20-u0.7-m3-p3-f0.npy
feature/103-RISCY-a-1-c2-u0.85-m2-p6-f0.npy,label/103-RISCY-a-1-c2-u0.85-m2-p6-f0.npy
feature/132-RISCY-a-1-c2-u0.7-m1-p5-f1.npy,label/132-RISCY-a-1-c2-u0.7-m1-p5-f1.npy
feature/971-RISCY-a-2-c5-u0.7-m2-p4-f0.npy,label/971-RISCY-a-2-c5-u0.7-m2-p4-f0.npy
feature/187-RISCY-a-1-c2-u0.8-m2-p4-f1.npy,label/187-RISCY-a-1-c2-u0.8-m2-p4-f1.npy
feature/507-RISCY-a-1-c20-u0.7-m2-p7-f0.npy,label/507-RISCY-a-1-c20-u0.7-m2-p7-f0.npy
feature/182-RISCY-a-1-c2-u0.8-m1-p7-f1.npy,label/182-RISCY-a-1-c2-u0.8-m1-p7-f1.npy
feature/760-RISCY-a-2-c2-u0.7-m4-p2-f0.npy,label/760-RISCY-a-2-c2-u0.7-m4-p2-f0.npy
feature/455-RISCY-a-1-c5-u0.85-m1-p8-f1.npy,label/455-RISCY-a-1-c5-u0.85-m1-p8-f1.npy
feature/848-RISCY-a-2-c2-u0.7-m2-p1-f1.npy,label/848-RISCY-a-2-c2-u0.7-m2-p1-f1.npy
feature/461-RISCY-a-1-c5-u0.85-m2-p6-f1.npy,label/461-RISCY-a-1-c5-u0.85-m2-p6-f1.npy
feature/537-RISCY-a-1-c20-u0.75-m2-p6-f0.npy,label/537-RISCY-a-1-c20-u0.75-m2-p6-f0.npy
feature/914-RISCY-a-2-c2-u0.85-m1-p3-f1.npy,label/914-RISCY-a-2-c2-u0.85-m1-p3-f1.npy
feature/317-RISCY-a-1-c5-u0.8-m1-p6-f0.npy,label/317-RISCY-a-1-c5-u0.8-m1-p6-f0.npy
feature/189-RISCY-a-1-c2-u0.8-m2-p6-f1.npy,label/189-RISCY-a-1-c2-u0.8-m2-p6-f1.npy
feature/883-RISCY-a-2-c2-u0.75-m3-p4-f1.npy,label/883-RISCY-a-2-c2-u0.75-m3-p4-f1.npy
feature/955-RISCY-a-2-c2-u0.9-m3-p5-f1.npy,label/955-RISCY-a-2-c2-u0.9-m3-p5-f1.npy
feature/87-RISCY-a-1-c2-u0.8-m4-p6-f0.npy,label/87-RISCY-a-1-c2-u0.8-m4-p6-f0.npy
feature/35-RISCY-a-1-c2-u0.75-m1-p6-f0.npy,label/35-RISCY-a-1-c2-u0.75-m1-p6-f0.npy
feature/471-RISCY-a-1-c5-u0.85-m3-p8-f1.npy,label/471-RISCY-a-1-c5-u0.85-m3-p8-f1.npy
feature/683-RISCY-a-1-c20-u0.8-m2-p7-f1.npy,label/683-RISCY-a-1-c20-u0.8-m2-p7-f1.npy
feature/682-RISCY-a-1-c20-u0.8-m2-p6-f1.npy,label/682-RISCY-a-1-c20-u0.8-m2-p6-f1.npy
feature/526-RISCY-a-1-c20-u0.75-m1-p3-f0.npy,label/526-RISCY-a-1-c20-u0.75-m1-p3-f0.npy
feature/882-RISCY-a-2-c2-u0.75-m3-p3-f1.npy,label/882-RISCY-a-2-c2-u0.75-m3-p3-f1.npy
feature/338-RISCY-a-1-c5-u0.8-m4-p3-f0.npy,label/338-RISCY-a-1-c5-u0.8-m4-p3-f0.npy
feature/608-RISCY-a-1-c20-u0.85-m3-p8-f0.npy,label/608-RISCY-a-1-c20-u0.85-m3-p8-f0.npy
feature/818-RISCY-a-2-c2-u0.8-m3-p8-f0.npy,label/818-RISCY-a-2-c2-u0.8-m3-p8-f0.npy
feature/344-RISCY-a-1-c5-u0.85-m1-p1-f0.npy,label/344-RISCY-a-1-c5-u0.85-m1-p1-f0.npy
feature/340-RISCY-a-1-c5-u0.8-m4-p5-f0.npy,label/340-RISCY-a-1-c5-u0.8-m4-p5-f0.npy
feature/234-RISCY-a-1-c2-u0.9-m2-p3-f1.npy,label/234-RISCY-a-1-c2-u0.9-m2-p3-f1.npy
feature/988-RISCY-a-2-c5-u0.7-m4-p5-f0.npy,label/988-RISCY-a-2-c5-u0.7-m4-p5-f0.npy
feature/394-RISCY-a-1-c5-u0.7-m3-p3-f1.npy,label/394-RISCY-a-1-c5-u0.7-m3-p3-f1.npy
feature/370-RISCY-a-1-c5-u0.9-m1-p3-f0.npy,label/370-RISCY-a-1-c5-u0.9-m1-p3-f0.npy
feature/364-RISCY-a-1-c5-u0.85-m4-p5-f0.npy,label/364-RISCY-a-1-c5-u0.85-m4-p5-f0.npy
feature/135-RISCY-a-1-c2-u0.7-m1-p8-f1.npy,label/135-RISCY-a-1-c2-u0.7-m1-p8-f1.npy
feature/442-RISCY-a-1-c5-u0.8-m3-p3-f1.npy,label/442-RISCY-a-1-c5-u0.8-m3-p3-f1.npy
feature/552-RISCY-a-1-c20-u0.75-m4-p6-f0.npy,label/552-RISCY-a-1-c20-u0.75-m4-p6-f0.npy
feature/551-RISCY-a-1-c20-u0.75-m4-p5-f0.npy,label/551-RISCY-a-1-c20-u0.75-m4-p5-f0.npy
feature/22-RISCY-a-1-c2-u0.7-m4-p1-f0.npy,label/22-RISCY-a-1-c2-u0.7-m4-p1-f0.npy
feature/586-RISCY-a-1-c20-u0.85-m1-p2-f0.npy,label/586-RISCY-a-1-c20-u0.85-m1-p2-f0.npy
feature/855-RISCY-a-2-c2-u0.7-m2-p8-f1.npy,label/855-RISCY-a-2-c2-u0.7-m2-p8-f1.npy
feature/884-RISCY-a-2-c2-u0.75-m3-p5-f1.npy,label/884-RISCY-a-2-c2-u0.75-m3-p5-f1.npy
feature/499-RISCY-a-1-c20-u0.7-m1-p7-f0.npy,label/499-RISCY-a-1-c20-u0.7-m1-p7-f0.npy
feature/636-RISCY-a-1-c20-u0.7-m2-p7-f1.npy,label/636-RISCY-a-1-c20-u0.7-m2-p7-f1.npy
feature/319-RISCY-a-1-c5-u0.8-m1-p8-f0.npy,label/319-RISCY-a-1-c5-u0.8-m1-p8-f0.npy
feature/922-RISCY-a-2-c2-u0.85-m2-p3-f1.npy,label/922-RISCY-a-2-c2-u0.85-m2-p3-f1.npy
feature/383-RISCY-a-1-c5-u0.7-m1-p8-f1.npy,label/383-RISCY-a-1-c5-u0.7-m1-p8-f1.npy
feature/122-RISCY-a-1-c2-u0.9-m1-p3-f0.npy,label/122-RISCY-a-1-c2-u0.9-m1-p3-f0.npy
feature/482-RISCY-a-1-c5-u0.9-m2-p3-f1.npy,label/482-RISCY-a-1-c5-u0.9-m2-p3-f1.npy
feature/578-RISCY-a-1-c20-u0.8-m4-p1-f0.npy,label/578-RISCY-a-1-c20-u0.8-m4-p1-f0.npy
feature/781-RISCY-a-2-c2-u0.75-m2-p6-f0.npy,label/781-RISCY-a-2-c2-u0.75-m2-p6-f0.npy
feature/43-RISCY-a-1-c2-u0.75-m2-p6-f0.npy,label/43-RISCY-a-1-c2-u0.75-m2-p6-f0.npy
feature/69-RISCY-a-1-c2-u0.8-m2-p2-f0.npy,label/69-RISCY-a-1-c2-u0.8-m2-p2-f0.npy
feature/566-RISCY-a-1-c20-u0.8-m2-p4-f0.npy,label/566-RISCY-a-1-c20-u0.8-m2-p4-f0.npy
feature/415-RISCY-a-1-c5-u0.75-m2-p8-f1.npy,label/415-RISCY-a-1-c5-u0.75-m2-p8-f1.npy
feature/565-RISCY-a-1-c20-u0.8-m2-p3-f0.npy,label/565-RISCY-a-1-c20-u0.8-m2-p3-f0.npy
feature/342-RISCY-a-1-c5-u0.8-m4-p7-f0.npy,label/342-RISCY-a-1-c5-u0.8-m4-p7-f0.npy
feature/339-RISCY-a-1-c5-u0.8-m4-p4-f0.npy,label/339-RISCY-a-1-c5-u0.8-m4-p4-f0.npy
feature/595-RISCY-a-1-c20-u0.85-m2-p3-f0.npy,label/595-RISCY-a-1-c20-u0.85-m2-p3-f0.npy
feature/708-RISCY-a-1-c20-u0.85-m2-p8-f1.npy,label/708-RISCY-a-1-c20-u0.85-m2-p8-f1.npy
feature/363-RISCY-a-1-c5-u0.85-m4-p4-f0.npy,label/363-RISCY-a-1-c5-u0.85-m4-p4-f0.npy
feature/525-RISCY-a-1-c20-u0.75-m1-p2-f0.npy,label/525-RISCY-a-1-c20-u0.75-m1-p2-f0.npy
feature/238-RISCY-a-1-c2-u0.9-m2-p7-f1.npy,label/238-RISCY-a-1-c2-u0.9-m2-p7-f1.npy
feature/62-RISCY-a-1-c2-u0.8-m1-p3-f0.npy,label/62-RISCY-a-1-c2-u0.8-m1-p3-f0.npy
feature/524-RISCY-a-1-c20-u0.75-m1-p1-f0.npy,label/524-RISCY-a-1-c20-u0.75-m1-p1-f0.npy
